timestamp,Vrms,real_power,temperature_c,solar_irradiance_w_m2
2020-06-28 16:30:00,232.49941176470588,1236.7941176470588,27.3575,471.935
2020-06-28 16:45:00,233.945,226.77777777777777,27.055,412.87
2020-06-28 17:00:00,234.44438271604938,105.74074074074075,26.752499999999998,353.805
2020-06-28 17:15:00,234.1573888888889,279.0111111111111,26.45,294.74
2020-06-28 17:30:00,234.90327777777776,96.42777777777778,26.1,251.86
2020-06-28 17:45:00,233.54572222222225,98.43333333333334,25.75,208.98000000000002
2020-06-28 18:00:00,235.97411111111109,192.62222222222223,25.4,166.1
2020-06-28 18:15:00,235.9442222222222,203.0611111111111,25.05,123.22
2020-06-28 18:30:00,234.5165,771.1777777777778,24.505000000000003,99.1275
2020-06-28 18:45:00,232.97933333333333,1352.4388888888889,23.96,75.035
2020-06-28 19:00:00,234.35283333333334,1390.338888888889,23.415,50.942499999999995
2020-06-28 19:15:00,237.24594444444443,1419.9333333333334,22.87,26.85
2020-06-28 19:30:00,234.42666666666668,1412.6444444444444,22.54,20.137500000000003
2020-06-28 19:45:00,234.65283333333335,1151.1666666666667,22.21,13.425
2020-06-28 20:00:00,236.25188888888886,408.34444444444443,21.880000000000003,6.712499999999999
2020-06-28 20:15:00,236.8497222222222,381.0111111111111,21.55,0.0
2020-06-28 20:30:00,237.48116666666667,308.2388888888889,21.36,0.0
2020-06-28 20:45:00,237.91372222222222,280.47222222222223,21.17,0.0
2020-06-28 21:00:00,237.54744444444444,280.3388888888889,20.98,0.0
2020-06-28 21:15:00,237.70022222222224,250.85,20.79,0.0
2020-06-28 21:30:00,238.06055555555557,287.3333333333333,20.6325,0.0
2020-06-28 21:45:00,238.244,274.52222222222224,20.475,0.0
2020-06-28 22:00:00,237.43666666666667,921.7666666666667,20.3175,0.0
2020-06-28 22:15:00,238.96466666666666,499.4611111111111,20.16,0.0
2020-06-28 22:30:00,239.63977653631284,280.1731843575419,19.9725,0.0
2020-06-28 22:45:00,239.84242647058824,285.6397058823529,19.785,0.0
2020-06-28 23:00:00,239.30260115606936,933.3699421965318,19.5975,0.0
2020-06-28 23:15:00,241.31044444444444,218.35,19.41,0.0
2020-06-28 23:30:00,241.9745,147.61111111111111,19.325,0.0
2020-06-28 23:45:00,241.37744444444445,127.03333333333333,19.240000000000002,0.0
2020-06-29 00:00:00,240.37066666666666,381.0444444444444,19.155,0.0
2020-06-29 00:15:00,240.8898333333333,667.7333333333333,19.07,0.0
2020-06-29 00:30:00,241.95388888888888,85.7,18.9575,0.0
2020-06-29 00:45:00,241.05433333333332,84.97222222222223,18.845,0.0
2020-06-29 01:00:00,241.52194444444442,83.5111111111111,18.7325,0.0
2020-06-29 01:15:00,241.9605,83.07777777777778,18.62,0.0
2020-06-29 01:30:00,241.93416666666667,85.01666666666667,18.5275,0.0
2020-06-29 01:45:00,242.1448888888889,84.36111111111111,18.435000000000002,0.0
2020-06-29 02:00:00,242.6593888888889,82.12777777777778,18.3425,0.0
2020-06-29 02:15:00,241.6391111111111,81.99444444444444,18.25,0.0
2020-06-29 02:30:00,240.06766666666667,81.25,18.1825,0.0
2020-06-29 02:45:00,240.46338888888891,81.17777777777778,18.115000000000002,0.0
2020-06-29 03:00:00,240.67555555555555,81.24444444444444,18.0475,0.0
2020-06-29 03:15:00,239.3605,868.9388888888889,17.98,0.0
2020-06-29 03:30:00,240.48416666666668,81.56666666666666,17.8975,0.0
2020-06-29 03:45:00,240.46272222222223,85.83888888888889,17.814999999999998,0.0
2020-06-29 04:00:00,240.91216666666668,94.12777777777778,17.732499999999998,0.0
2020-06-29 04:15:00,240.7871111111111,84.64444444444445,17.65,0.0
2020-06-29 04:30:00,240.66044444444444,44.083333333333336,17.595,0.0
2020-06-29 04:45:00,241.40877094972066,81.84916201117318,17.54,0.0
2020-06-29 05:00:00,242.2494230769231,84.63461538461539,17.485,0.0
2020-06-29 05:15:00,242.47957446808513,85.0354609929078,17.43,0.0
2020-06-29 05:30:00,242.43388888888887,81.86666666666666,17.439999999999998,12.755
2020-06-29 05:45:00,242.3912777777778,81.47777777777777,17.45,25.51
2020-06-29 06:00:00,241.08727777777779,80.9888888888889,17.46,38.265
2020-06-29 06:15:00,239.7901666666667,648.8611111111111,17.47,51.02
2020-06-29 06:30:00,239.96672222222224,308.0444444444444,18.134999999999998,79.15
2020-06-29 06:45:00,241.26066666666665,81.55,18.799999999999997,107.28
2020-06-29 07:00:00,239.97805555555558,79.07777777777778,19.465,135.41
2020-06-29 07:15:00,238.36833333333334,78.53333333333333,20.13,163.54
2020-06-29 07:30:00,238.39283333333333,84.51666666666667,20.6525,215.22
2020-06-29 07:45:00,239.73955555555557,83.42777777777778,21.174999999999997,266.9
2020-06-29 08:00:00,239.89544444444445,82.68333333333334,21.697499999999998,318.58
2020-06-29 08:15:00,238.3362222222222,76.22222222222223,22.22,370.26
2020-06-29 08:30:00,239.53016666666667,76.09444444444445,22.724999999999998,423.8025
2020-06-29 08:45:00,237.71605555555556,76.38333333333334,23.229999999999997,477.34499999999997
2020-06-29 09:00:00,237.39794444444442,95.58888888888889,23.735,530.8874999999999
2020-06-29 09:15:00,235.1556111111111,852.1166666666667,24.24,584.43
2020-06-29 09:30:00,235.3597777777778,75.26666666666667,24.752499999999998,630.8
2020-06-29 09:45:00,234.37494444444442,75.33888888888889,25.265,677.17
2020-06-29 10:00:00,237.24550000000002,75.82777777777778,25.7775,723.54
2020-06-29 10:15:00,238.30772222222222,75.45555555555555,26.29,769.91
2020-06-29 10:30:00,237.5526111111111,129.45555555555555,26.71,801.6925
2020-06-29 10:45:00,237.49838888888888,194.57222222222222,27.13,833.4749999999999
2020-06-29 11:00:00,236.92444444444445,104.30555555555556,27.549999999999997,865.2574999999999
2020-06-29 11:15:00,237.34018404907974,80.84049079754601,27.97,897.04
2020-06-29 11:30:00,235.78014492753624,106.15217391304348,28.305,915.0325
2020-06-29 11:45:00,235.94525139664802,105.08938547486034,28.64,933.025
2020-06-29 12:00:00,234.1811111111111,102.2,28.974999999999998,951.0174999999999
2020-06-29 12:15:00,232.97422222222224,1021.8277777777778,29.31,969.01
2020-06-29 12:30:00,233.43605555555555,1080.6222222222223,29.5225,965.05
2020-06-29 12:45:00,235.29350000000002,106.08888888888889,29.735,961.0899999999999
2020-06-29 13:00:00,234.09194444444447,105.95555555555555,29.947499999999998,957.13
2020-06-29 13:15:00,236.56411111111112,98.26666666666667,30.16,953.17
2020-06-29 13:30:00,237.15188888888886,95.18333333333334,30.2525,935.255
2020-06-29 13:45:00,236.7805,99.67777777777778,30.345,917.3399999999999
2020-06-29 14:00:00,236.70244444444447,369.21666666666664,30.4375,899.425
2020-06-29 14:15:00,235.88183333333336,1205.2555555555555,30.53,881.51
2020-06-29 14:30:00,237.79427777777778,119.15,30.4825,844.7725
2020-06-29 14:45:00,238.1091111111111,102.39444444444445,30.435000000000002,808.035
2020-06-29 15:00:00,238.65266666666668,96.65555555555555,30.3875,771.2974999999999
2020-06-29 15:15:00,239.11672222222222,103.43888888888888,30.34,734.56
2020-06-29 15:30:00,238.00983333333332,98.89444444444445,30.16,685.3675
2020-06-29 15:45:00,238.44455555555552,96.27777777777777,29.98,636.175
2020-06-29 16:00:00,238.59144444444445,126.86111111111111,29.8,586.9825
2020-06-29 16:15:00,239.32955555555554,341.09444444444443,29.62,537.79
2020-06-29 16:30:00,238.9995,844.4166666666666,29.325000000000003,483.79999999999995
2020-06-29 16:45:00,238.52433333333332,210.38888888888889,29.03,429.80999999999995
2020-06-29 17:00:00,238.35483333333335,201.0611111111111,28.735,375.82
2020-06-29 17:15:00,239.08061111111112,184.31666666666666,28.44,321.83
2020-06-29 17:30:00,238.78420118343195,249.7041420118343,28.0475,274.615
2020-06-29 17:45:00,240.32223076923077,207.9,27.655,227.39999999999998
2020-06-29 18:00:00,240.44352601156072,242.76300578034682,27.262500000000003,180.185
2020-06-29 18:15:00,240.971,247.25555555555556,26.87,132.97
2020-06-29 18:30:00,242.0378333333333,214.8111111111111,26.3475,106.2175
2020-06-29 18:45:00,242.12694444444443,675.2333333333333,25.825000000000003,79.465
2020-06-29 19:00:00,241.8166111111111,491.4277777777778,25.302500000000002,52.712500000000006
2020-06-29 19:15:00,239.99066666666667,1261.3055555555557,24.78,25.96
2020-06-29 19:30:00,237.66644444444444,1391.15,24.36,19.47
2020-06-29 19:45:00,236.33755555555555,1488.5666666666666,23.94,12.98
2020-06-29 20:00:00,236.59566666666666,1472.7333333333333,23.520000000000003,6.490000000000002
2020-06-29 20:15:00,237.68933333333334,942.0611111111111,23.1,0.0
2020-06-29 20:30:00,238.89333333333335,149.30555555555554,22.8525,0.0
2020-06-29 20:45:00,239.9581111111111,184.97222222222223,22.605,0.0
2020-06-29 21:00:00,240.1801111111111,235.86666666666667,22.3575,0.0
2020-06-29 21:15:00,238.65283333333335,1353.5444444444445,22.11,0.0
2020-06-29 21:30:00,238.435,93.62222222222222,21.96,0.0
2020-06-29 21:45:00,238.83105555555554,86.37222222222222,21.810000000000002,0.0
2020-06-29 22:00:00,238.63116666666667,51.68888888888889,21.66,0.0
2020-06-29 22:15:00,238.95383333333334,93.87777777777778,21.51,0.0
2020-06-29 22:30:00,240.51205555555555,56.355555555555554,21.392500000000002,0.0
2020-06-29 22:45:00,241.3747222222222,60.50555555555555,21.275,0.0
2020-06-29 23:00:00,241.27783333333335,96.58888888888889,21.1575,0.0
2020-06-29 23:15:00,240.37050000000002,376.40555555555557,21.04,0.0
2020-06-29 23:30:00,239.86533333333335,573.6111111111111,20.95,0.0
2020-06-29 23:45:00,240.48180722891567,73.51807228915662,20.86,0.0
2020-06-30 00:00:00,240.00431506849313,14.623287671232877,20.77,0.0
2020-06-30 00:15:00,240.85433962264148,68.83018867924528,20.68,0.0
2020-06-30 00:30:00,241.74713483146067,91.67977528089888,20.61,0.0
2020-06-30 00:45:00,242.5067222222222,87.11666666666666,20.54,0.0
2020-06-30 01:00:00,242.9498888888889,83.06666666666666,20.47,0.0
2020-06-30 01:15:00,241.45561111111112,12.988888888888889,20.4,0.0
2020-06-30 01:30:00,241.9998888888889,73.13888888888889,20.34,0.0
2020-06-30 01:45:00,242.0381111111111,82.18333333333334,20.28,0.0
2020-06-30 02:00:00,242.46577777777776,55.03888888888889,20.22,0.0
2020-06-30 02:15:00,241.84027777777777,421.26666666666665,20.16,0.0
2020-06-30 02:30:00,242.30627777777775,508.1777777777778,20.12,0.0
2020-06-30 02:45:00,243.29350000000002,85.25,20.08,0.0
2020-06-30 03:00:00,240.97822222222223,67.19444444444444,20.04,0.0
2020-06-30 03:15:00,240.20683333333335,37.35,20.0,0.0
2020-06-30 03:30:00,240.0297222222222,83.11111111111111,19.9525,0.0
2020-06-30 03:45:00,240.35605555555554,117.88333333333334,19.905,0.0
2020-06-30 04:00:00,240.29605555555557,124.08888888888889,19.857499999999998,0.0
2020-06-30 04:15:00,241.27083333333334,118.05555555555556,19.81,0.0
2020-06-30 04:30:00,241.6422777777778,89.41111111111111,19.7575,0.0
2020-06-30 04:45:00,242.50016666666667,32.87777777777778,19.705,0.0
2020-06-30 05:00:00,240.56938888888888,82.36111111111111,19.6525,0.0
2020-06-30 05:15:00,238.1127777777778,796.3,19.6,0.0
2020-06-30 05:30:00,240.64711111111112,236.9611111111111,19.6325,12.53
2020-06-30 05:45:00,240.70138728323698,106.21387283236994,19.665,25.06
2020-06-30 06:00:00,240.16556390977445,41.72932330827068,19.6975,37.589999999999996
2020-06-30 06:15:00,239.38978260869567,95.3623188405797,19.73,50.12
2020-06-30 06:30:00,238.3842857142857,109.38285714285715,20.0225,78.58
2020-06-30 06:45:00,237.54377777777776,40.96666666666667,20.314999999999998,107.03999999999999
2020-06-30 07:00:00,236.30844444444443,102.75,20.607499999999998,135.5
2020-06-30 07:15:00,236.0657777777778,100.8,20.9,163.96
2020-06-30 07:30:00,236.40333333333334,98.88888888888889,21.2775,214.2475
2020-06-30 07:45:00,236.81883333333332,89.7388888888889,21.655,264.535
2020-06-30 08:00:00,237.54544444444446,56.07222222222222,22.0325,314.8225
2020-06-30 08:15:00,238.90588888888888,71.25,22.41,365.11
2020-06-30 08:30:00,239.10794444444446,93.37777777777778,22.9175,418.8125
2020-06-30 08:45:00,236.2355,57.66111111111111,23.425,472.515
2020-06-30 09:00:00,236.63316666666668,84.96111111111111,23.9325,526.2175
2020-06-30 09:15:00,235.80138888888888,92.62222222222222,24.44,579.92
2020-06-30 09:30:00,234.54272222222224,99.4888888888889,24.872500000000002,626.12
2020-06-30 09:45:00,234.34633333333332,855.2444444444444,25.305,672.3199999999999
2020-06-30 10:00:00,237.63766666666666,95.3,25.7375,718.52
2020-06-30 10:15:00,237.36133333333333,87.2388888888889,26.17,764.72
2020-06-30 10:30:00,237.52433333333332,89.59444444444445,26.520000000000003,797.2750000000001
2020-06-30 10:45:00,237.06655555555557,95.11666666666666,26.87,829.83
2020-06-30 11:00:00,235.59716666666665,92.88888888888889,27.22,862.385
2020-06-30 11:15:00,239.0702777777778,86.96111111111111,27.57,894.94
2020-06-30 11:30:00,239.40594444444443,92.10555555555555,27.810000000000002,909.0575
2020-06-30 11:45:00,239.76922222222223,94.62222222222222,28.05,923.175
2020-06-30 12:00:00,238.948,1181.8111111111111,28.29,937.2925
2020-06-30 12:15:00,238.9754487179487,1297.9871794871794,28.53,951.41
2020-06-30 12:30:00,240.35766917293233,1318.1052631578948,28.6625,948.8175
2020-06-30 12:45:00,239.6879213483146,1355.1348314606741,28.795,946.2249999999999
2020-06-30 13:00:00,239.5881666666667,1340.8166666666666,28.9275,943.6324999999999
2020-06-30 13:15:00,238.43433333333334,615.75,29.06,941.04
2020-06-30 13:30:00,239.14672222222225,135.75,29.072499999999998,922.2925
2020-06-30 13:45:00,239.58933333333334,123.51666666666667,29.085,903.545
2020-06-30 14:00:00,240.24311111111112,350.2388888888889,29.0975,884.7974999999999
2020-06-30 14:15:00,239.04266666666666,1355.2777777777778,29.11,866.05
2020-06-30 14:30:00,238.87583333333333,1348.2444444444445,29.08,831.0124999999999
2020-06-30 14:45:00,239.0445,1385.2555555555555,29.049999999999997,795.9749999999999
2020-06-30 15:00:00,239.87205555555556,1427.1,29.02,760.9375
2020-06-30 15:15:00,240.7827777777778,641.5777777777778,28.99,725.9
2020-06-30 15:30:00,242.0607777777778,104.2,28.84,680.7225
2020-06-30 15:45:00,242.8708888888889,114.45,28.689999999999998,635.5450000000001
2020-06-30 16:00:00,243.04972222222221,109.34444444444445,28.54,590.3675000000001
2020-06-30 16:15:00,242.36894444444445,106.67222222222222,28.39,545.19
2020-06-30 16:30:00,239.9236666666667,104.1,28.155,492.08500000000004
2020-06-30 16:45:00,240.0391111111111,130.9611111111111,27.92,438.98
2020-06-30 17:00:00,240.44477777777777,206.9777777777778,27.685,385.875
2020-06-30 17:15:00,239.86200000000002,215.6888888888889,27.45,332.77
2020-06-30 17:30:00,239.82655555555556,567.8388888888888,27.125,283.025
2020-06-30 17:45:00,239.82833333333332,720.8,26.799999999999997,233.27999999999997
2020-06-30 18:00:00,241.35766666666666,216.25555555555556,26.474999999999998,183.535
2020-06-30 18:15:00,239.97761111111112,216.84444444444443,26.15,133.79
2020-06-30 18:30:00,240.71106666666668,199.6,25.607499999999998,107.28
2020-06-30 18:45:00,240.3486567164179,175.08955223880596,25.064999999999998,80.77
2020-06-30 19:00:00,240.35516853932586,241.4494382022472,24.5225,54.25999999999999
2020-06-30 19:15:00,238.70522222222223,208.5388888888889,23.98,27.75
2020-06-30 19:30:00,237.45483333333334,259.0833333333333,23.59,20.8125
2020-06-30 19:45:00,234.71516666666668,286.3777777777778,23.200000000000003,13.875
2020-06-30 20:00:00,234.2908888888889,299.18888888888887,22.810000000000002,6.9375
2020-06-30 20:15:00,235.85688888888888,1120.2666666666667,22.42,0.0
2020-06-30 20:30:00,236.27949999999998,475.31111111111113,22.18,0.0
2020-06-30 20:45:00,237.83094444444444,359.64444444444445,21.94,0.0
2020-06-30 21:00:00,238.9973333333333,349.6611111111111,21.700000000000003,0.0
2020-06-30 21:15:00,238.65105555555556,195.88888888888889,21.46,0.0
2020-06-30 21:30:00,238.71883333333332,182.48888888888888,21.2775,0.0
2020-06-30 21:45:00,238.97177777777776,170.9388888888889,21.095,0.0
2020-06-30 22:00:00,238.89322222222222,74.78333333333333,20.9125,0.0
2020-06-30 22:15:00,239.77422222222222,113.54444444444445,20.73,0.0
2020-06-30 22:30:00,239.19072222222223,133.54444444444445,20.5475,0.0
2020-06-30 22:45:00,239.44516666666667,124.68333333333334,20.365000000000002,0.0
2020-06-30 23:00:00,238.99527777777777,99.5111111111111,20.1825,0.0
2020-06-30 23:15:00,239.74466666666666,118.04444444444445,20.0,0.0
2020-06-30 23:30:00,239.03261111111112,893.6444444444444,19.8275,0.0
2020-06-30 23:45:00,240.1401111111111,57.76111111111111,19.655,0.0
2020-07-01 00:00:00,241.15216666666666,106.54444444444445,19.482499999999998,0.0
2020-07-01 00:15:00,242.29705555555557,112.67222222222222,19.31,0.0
2020-07-01 00:30:00,241.5216111111111,93.11666666666666,19.15,0.0
2020-07-01 00:45:00,241.8132222222222,79.7611111111111,18.990000000000002,0.0
2020-07-01 01:00:00,241.85823170731706,11.378048780487806,18.830000000000002,0.0
2020-07-01 01:15:00,242.20114503816794,95.53435114503817,18.67,0.0
2020-07-01 01:30:00,240.57227272727275,54.83522727272727,18.5725,0.0
2020-07-01 01:45:00,239.2425,87.23333333333333,18.475,0.0
2020-07-01 02:00:00,239.5462222222222,84.53888888888889,18.3775,0.0
2020-07-01 02:15:00,238.5396111111111,92.42777777777778,18.28,0.0
2020-07-01 02:30:00,237.8208888888889,673.0944444444444,18.400000000000002,0.0
2020-07-01 02:45:00,238.65388888888887,198.8388888888889,18.520000000000003,0.0
2020-07-01 03:00:00,238.91511111111112,62.81111111111111,18.64,0.0
2020-07-01 03:15:00,239.30666666666664,108.92777777777778,18.76,0.0
2020-07-01 03:30:00,239.61427777777777,110.37777777777778,18.8125,0.0
2020-07-01 03:45:00,240.12177777777777,100.54444444444445,18.865000000000002,0.0
2020-07-01 04:00:00,240.45555555555555,50.355555555555554,18.9175,0.0
2020-07-01 04:15:00,240.9706111111111,61.97222222222222,18.97,0.0
2020-07-01 04:30:00,241.32822222222222,97.97222222222223,18.93,0.0
2020-07-01 04:45:00,242.47377777777777,54.53888888888889,18.89,0.0
2020-07-01 05:00:00,243.13605555555554,87.16111111111111,18.849999999999998,0.0
2020-07-01 05:15:00,243.34650000000002,54.25,18.81,0.0
2020-07-01 05:30:00,243.06994444444442,93.88333333333334,18.752499999999998,11.86
2020-07-01 05:45:00,242.81744444444445,72.23333333333333,18.695,23.72
2020-07-01 06:00:00,240.813,972.05,18.6375,35.58
2020-07-01 06:15:00,242.40422222222224,92.16666666666667,18.58,47.44
2020-07-01 06:30:00,242.19555555555553,98.01666666666667,18.722499999999997,76.46000000000001
2020-07-01 06:45:00,241.2557222222222,94.41111111111111,18.865,105.48
2020-07-01 07:00:00,240.71536723163842,83.7683615819209,19.0075,134.5
2020-07-01 07:15:00,240.30924242424243,81.14393939393939,19.15,163.52
2020-07-01 07:30:00,240.26154285714284,87.77142857142857,19.572499999999998,217.44
2020-07-01 07:45:00,240.22338888888888,64.3,19.994999999999997,271.36
2020-07-01 08:00:00,239.63088888888888,8.494444444444444,20.4175,325.28
2020-07-01 08:15:00,239.05222222222224,68.75555555555556,20.84,379.2
2020-07-01 08:30:00,239.6688888888889,93.03333333333333,21.46,434.2075
2020-07-01 08:45:00,239.0061111111111,91.87222222222222,22.08,489.21500000000003
2020-07-01 09:00:00,238.13394444444444,85.85,22.7,544.2225000000001
2020-07-01 09:15:00,238.00222222222223,97.47777777777777,23.32,599.23
2020-07-01 09:30:00,236.97355555555555,862.3777777777777,23.9175,645.2625
2020-07-01 09:45:00,237.67644444444446,372.22222222222223,24.515,691.2950000000001
2020-07-01 10:00:00,236.49661111111112,931.05,25.1125,737.3275
2020-07-01 10:15:00,236.7726111111111,113.58333333333333,25.71,783.36
2020-07-01 10:30:00,236.14194444444445,124.12777777777778,26.2175,817.1425
2020-07-01 10:45:00,234.2973333333333,800.2444444444444,26.725,850.925
2020-07-01 11:00:00,234.44955555555555,124.27777777777777,27.232499999999998,884.7075
2020-07-01 11:15:00,236.90922222222224,378.6111111111111,27.74,918.49
2020-07-01 11:30:00,236.537,1302.2222222222222,28.125,935.47
2020-07-01 11:45:00,236.75577777777778,1305.5833333333333,28.509999999999998,952.45
2020-07-01 12:00:00,237.01705555555554,1343.3944444444444,28.895,969.43
2020-07-01 12:15:00,237.00861111111112,1344.3111111111111,29.28,986.41
2020-07-01 12:30:00,236.7353888888889,1324.4333333333334,29.4375,984.135
2020-07-01 12:45:00,237.42738888888888,229.2,29.595,981.8599999999999
2020-07-01 13:00:00,237.71311111111112,114.4,29.7525,979.5849999999999
2020-07-01 13:15:00,235.99904494382022,664.4775280898876,29.91,977.31
2020-07-01 13:30:00,235.5342222222222,614.5037037037036,29.872500000000002,957.7349999999999
2020-07-01 13:45:00,237.61514970059883,92.2814371257485,29.835,938.16
2020-07-01 14:00:00,237.8911666666667,85.77777777777777,29.7975,918.585
2020-07-01 14:15:00,237.3065,53.5,29.76,899.01
2020-07-01 14:30:00,237.4698888888889,83.53888888888889,29.587500000000002,860.825
2020-07-01 14:45:00,237.11,82.62222222222222,29.415,822.64
2020-07-01 15:00:00,236.72744444444444,427.2055555555556,29.2425,784.4549999999999
2020-07-01 15:15:00,237.108,459.49444444444447,29.07,746.27
2020-07-01 15:30:00,238.2107777777778,83.2388888888889,28.87,696.49
2020-07-01 15:45:00,238.531,85.67222222222222,28.67,646.71
2020-07-01 16:00:00,238.81694444444446,83.27777777777777,28.47,596.93
2020-07-01 16:15:00,239.28672222222224,336.00555555555553,28.27,547.15
2020-07-01 16:30:00,238.37105555555556,1278.4944444444445,27.9425,493.1925
2020-07-01 16:45:00,238.02783333333335,1283.7888888888888,27.615000000000002,439.235
2020-07-01 17:00:00,238.42216666666667,1300.5,27.2875,385.2775
2020-07-01 17:15:00,239.0017777777778,605.5111111111111,26.96,331.32
2020-07-01 17:30:00,239.41822222222223,126.41111111111111,26.5575,282.42
2020-07-01 17:45:00,240.56,133.07777777777778,26.155,233.51999999999998
2020-07-01 18:00:00,240.82883333333334,138.06666666666666,25.7525,184.62
2020-07-01 18:15:00,241.98072222222223,139.57777777777778,25.35,135.72
2020-07-01 18:30:00,241.0131111111111,136.34444444444443,24.87,108.72749999999999
2020-07-01 18:45:00,173.42672222222222,95.05555555555556,24.39,81.735
2020-07-01 19:00:00,3.3802234636871504,3.664804469273743,23.91,54.74250000000001
2020-07-01 19:15:00,4.13135593220339,6.237288135593221,23.43,27.75
2020-07-01 19:30:00,3.4840462427745664,5.988439306358382,23.072499999999998,20.8125
2020-07-01 19:45:00,4.035208333333333,6.270833333333333,22.715,13.875
2020-07-01 20:00:00,7.364125,34.4625,22.3575,6.9375
2020-07-01 20:15:00,8.498888888888889,11.78888888888889,22.0,0.0
2020-07-01 20:30:00,166.6226111111111,264.97777777777776,21.8175,0.0
2020-07-01 20:45:00,173.37155555555557,184.4777777777778,21.634999999999998,0.0
2020-07-01 21:00:00,191.24666666666667,141.5611111111111,21.4525,0.0
2020-07-01 21:15:00,199.5008888888889,489.95,21.27,0.0
2020-07-01 21:30:00,198.45188888888887,492.43333333333334,21.06,0.0
2020-07-01 21:45:00,196.2087222222222,896.5444444444445,20.85,0.0
2020-07-01 22:00:00,194.1928888888889,590.7111111111111,20.64,0.0
2020-07-01 22:15:00,194.9613888888889,580.0888888888888,20.43,0.0
2020-07-01 22:30:00,193.25944444444443,830.1,20.27,0.0
2020-07-01 22:45:00,196.2266666666667,241.28333333333333,20.11,0.0
2020-07-01 23:00:00,206.60933333333332,224.49444444444444,19.95,0.0
2020-07-01 23:15:00,202.403,194.23888888888888,19.79,0.0
2020-07-01 23:30:00,187.76116666666667,163.5,19.72,0.0
2020-07-01 23:45:00,196.461,122.03888888888889,19.65,0.0
2020-07-02 00:00:00,184.28305555555553,147.65,19.580000000000002,0.0
2020-07-02 00:15:00,197.45322222222222,108.53333333333333,19.51,0.0
2020-07-02 00:30:00,193.05633333333333,101.92777777777778,19.442500000000003,0.0
2020-07-02 00:45:00,193.6341666666667,535.7555555555556,19.375,0.0
2020-07-02 01:00:00,174.50383333333332,258.4222222222222,19.307499999999997,0.0
2020-07-02 01:15:00,185.97205555555556,97.97222222222223,19.24,0.0
2020-07-02 01:30:00,221.6881666666667,92.31666666666666,19.25,0.0
2020-07-02 01:45:00,220.39870967741936,87.23225806451613,19.259999999999998,0.0
2020-07-02 02:00:00,220.12943396226416,91.0503144654088,19.27,0.0
2020-07-02 02:15:00,219.63082352941174,83.1,19.28,0.0
2020-07-02 02:30:00,219.47177777777776,82.74444444444444,19.2225,0.0
2020-07-02 02:45:00,219.47166666666666,47.07222222222222,19.165,0.0
2020-07-02 03:00:00,219.47694444444443,81.92777777777778,19.1075,0.0
2020-07-02 03:15:00,218.65327777777776,526.1722222222222,19.05,0.0
2020-07-02 03:30:00,233.55816666666666,457.3611111111111,19.04,0.0
2020-07-02 03:45:00,243.01200000000003,80.98333333333333,19.03,0.0
2020-07-02 04:00:00,243.05388888888888,81.03888888888889,19.020000000000003,0.0
2020-07-02 04:15:00,242.6438888888889,87.19444444444444,19.01,0.0
2020-07-02 04:30:00,243.06594444444445,87.52777777777777,18.997500000000002,0.0
2020-07-02 04:45:00,243.06638888888887,86.45,18.985,0.0
2020-07-02 05:00:00,242.00900000000001,80.31666666666666,18.9725,0.0
2020-07-02 05:15:00,242.35477777777777,21.18888888888889,18.96,0.0
2020-07-02 05:30:00,242.12755555555555,49.21666666666667,19.0225,12.53
2020-07-02 05:45:00,241.2111111111111,893.3277777777778,19.085,25.06
2020-07-02 06:00:00,242.34550000000002,92.55,19.1475,37.589999999999996
2020-07-02 06:15:00,241.70961111111112,88.81111111111112,19.21,50.12
2020-07-02 06:30:00,241.4047222222222,81.25555555555556,19.4025,74.365
2020-07-02 06:45:00,240.8585,80.2388888888889,19.595,98.60999999999999
2020-07-02 07:00:00,241.1531111111111,90.7,19.7875,122.85499999999999
2020-07-02 07:15:00,239.53705555555555,101.37777777777778,19.98,147.1
2020-07-02 07:30:00,213.04755555555553,85.62777777777778,20.3325,174.5675
2020-07-02 07:45:00,183.21061111111112,247.11666666666667,20.685000000000002,202.03500000000003
2020-07-02 08:00:00,165.59993902439024,869.7317073170732,21.0375,229.50250000000003
2020-07-02 08:15:00,155.75888059701492,124.7910447761194,21.39,256.97
2020-07-02 08:30:00,130.26876404494382,290.3707865168539,21.9325,336.46500000000003
2020-07-02 08:45:00,114.74277777777777,284.69444444444446,22.475,415.96000000000004
2020-07-02 09:00:00,179.51194444444445,75.40555555555555,23.0175,495.45500000000004
2020-07-02 09:15:00,172.274,74.18888888888888,23.56,574.95
2020-07-02 09:30:00,171.85327777777778,67.38333333333334,24.0775,621.47
2020-07-02 09:45:00,144.74727777777778,629.9055555555556,24.595,667.99
2020-07-02 10:00:00,146.8538888888889,62.833333333333336,25.112499999999997,714.51
2020-07-02 10:15:00,173.554,243.85,25.63,761.03
2020-07-02 10:30:00,189.6276666666667,1004.7666666666667,26.009999999999998,792.6875
2020-07-02 10:45:00,165.0642777777778,456.93888888888887,26.39,824.345
2020-07-02 11:00:00,142.12511111111112,53.7,26.77,856.0024999999999
2020-07-02 11:15:00,162.26444444444445,59.46111111111111,27.15,887.66
2020-07-02 11:30:00,193.16161111111109,36.894444444444446,27.349999999999998,906.6624999999999
2020-07-02 11:45:00,184.20216666666667,70.08888888888889,27.549999999999997,925.665
2020-07-02 12:00:00,212.075,72.7611111111111,27.75,944.6675
2020-07-02 12:15:00,208.18294444444444,71.4,27.95,963.67
2020-07-02 12:30:00,209.01883333333333,73.48333333333333,28.0325,909.4775
2020-07-02 12:45:00,202.99283333333332,73.82777777777778,28.115000000000002,855.285
2020-07-02 13:00:00,141.54444444444445,502.0722222222222,28.1975,801.0925
2020-07-02 13:15:00,146.87327777777776,51.67777777777778,28.28,746.9
2020-07-02 13:30:00,152.97866666666667,52.53333333333333,28.310000000000002,601.5274999999999
2020-07-02 13:45:00,144.18872222222222,370.15555555555557,28.34,456.155
2020-07-02 14:00:00,149.92088888888887,177.82222222222222,28.369999999999997,310.78249999999997
2020-07-02 14:15:00,140.10073170731707,48.78048780487805,28.4,165.41
2020-07-02 14:30:00,119.69814814814815,43.237037037037034,28.377499999999998,308.08000000000004
2020-07-02 14:45:00,156.698202247191,56.735955056179776,28.354999999999997,450.75
2020-07-02 15:00:00,209.4682222222222,74.72222222222223,28.3325,593.4200000000001
2020-07-02 15:15:00,205.61,105.61111111111111,28.31,736.09
2020-07-02 15:30:00,202.45422222222223,598.3388888888888,28.2,688.24
2020-07-02 15:45:00,201.38083333333336,541.05,28.09,640.3900000000001
2020-07-02 16:00:00,200.59850000000003,173.17222222222222,27.98,592.5400000000001
2020-07-02 16:15:00,198.44111111111113,165.0388888888889,27.87,544.69
2020-07-02 16:30:00,196.0926111111111,160.20555555555555,27.655,491.01250000000005
2020-07-02 16:45:00,193.6113888888889,159.84444444444443,27.44,437.33500000000004
2020-07-02 17:00:00,192.09916666666666,156.5,27.225,383.6575
2020-07-02 17:15:00,190.89077777777777,156.48888888888888,27.01,329.98
2020-07-02 17:30:00,189.276,122.7,26.6725,281.36
2020-07-02 17:45:00,187.51722222222222,140.26111111111112,26.335,232.74
2020-07-02 18:00:00,173.14122222222224,735.8,25.997500000000002,184.12
2020-07-02 18:15:00,180.1952777777778,1037.9444444444443,25.66,135.5
2020-07-02 18:30:00,176.94111111111113,1020.7555555555556,25.14,108.5625
2020-07-02 18:45:00,177.7048888888889,494.8777777777778,24.619999999999997,81.625
2020-07-02 19:00:00,187.46933333333334,152.33333333333334,24.099999999999998,54.6875
2020-07-02 19:15:00,179.33427777777777,147.0888888888889,23.58,27.75
2020-07-02 19:30:00,176.9181111111111,148.28333333333333,23.22,20.8125
2020-07-02 19:45:00,170.98149999999998,151.23333333333332,22.86,13.875
2020-07-02 20:00:00,173.34694444444446,155.32777777777778,22.5,6.9375
2020-07-02 20:15:00,179.73566666666665,244.2,22.14,0.0
2020-07-02 20:30:00,198.78876404494383,623.7977528089888,21.91,0.0
2020-07-02 20:45:00,212.6217037037037,744.5777777777778,21.68,0.0
2020-07-02 21:00:00,215.6823125,269.675,21.45,0.0
2020-07-02 21:15:00,175.18833333333333,226.98888888888888,21.22,0.0
2020-07-02 21:30:00,191.91233333333335,245.57222222222222,21.0625,0.0
2020-07-02 21:45:00,163.2686111111111,199.6888888888889,20.905,0.0
2020-07-02 22:00:00,164.27472222222224,203.61666666666667,20.7475,0.0
2020-07-02 22:15:00,196.9031111111111,239.57222222222222,20.59,0.0
2020-07-02 22:30:00,236.5635,317.5888888888889,20.3875,0.0
2020-07-02 22:45:00,238.7198888888889,261.2111111111111,20.185000000000002,0.0
2020-07-02 23:00:00,238.0757222222222,120.7611111111111,19.9825,0.0
2020-07-02 23:15:00,238.10233333333332,896.8333333333334,19.78,0.0
2020-07-02 23:30:00,240.00477777777778,154.76666666666668,19.75,0.0
2020-07-02 23:45:00,241.25900000000001,200.85555555555555,19.72,0.0
2020-07-03 00:00:00,240.82822222222222,118.88888888888889,19.69,0.0
2020-07-03 00:15:00,241.04005555555554,79.41666666666667,19.66,0.0
2020-07-03 00:30:00,242.0073888888889,106.58888888888889,19.6175,0.0
2020-07-03 00:45:00,242.13583333333332,105.63888888888889,19.575,0.0
2020-07-03 01:00:00,242.47216666666665,103.4888888888889,19.5325,0.0
2020-07-03 01:15:00,242.82544444444446,102.37222222222222,19.49,0.0
2020-07-03 01:30:00,242.95600000000002,101.61666666666666,19.415,0.0
2020-07-03 01:45:00,243.06294444444444,102.16111111111111,19.34,0.0
2020-07-03 02:00:00,241.32694444444445,91.03888888888889,19.265,0.0
2020-07-03 02:15:00,240.09394444444447,86.9888888888889,19.19,0.0
2020-07-03 02:30:00,239.6485,588.7555555555556,19.16,0.0
2020-07-03 02:45:00,240.179,372.2,19.130000000000003,0.0
2020-07-03 03:00:00,240.71920529801324,86.09271523178808,19.1,0.0
2020-07-03 03:15:00,241.23824675324676,116.77272727272727,19.07,0.0
2020-07-03 03:30:00,240.8273333333333,109.36111111111111,19.0625,0.0
2020-07-03 03:45:00,241.39333333333335,38.00555555555555,19.055,0.0
2020-07-03 04:00:00,241.52655555555555,72.80555555555556,19.0475,0.0
2020-07-03 04:15:00,241.5598333333333,86.22222222222223,19.04,0.0
2020-07-03 04:30:00,241.54438888888888,99.05,18.987499999999997,0.0
2020-07-03 04:45:00,241.916,24.5,18.935,0.0
2020-07-03 05:00:00,242.8743888888889,73.66111111111111,18.8825,0.0
2020-07-03 05:15:00,243.06333333333333,86.77222222222223,18.83,0.0
2020-07-03 05:30:00,243.1896111111111,94.81666666666666,18.814999999999998,12.0825
2020-07-03 05:45:00,243.03122222222223,22.055555555555557,18.799999999999997,24.165
2020-07-03 06:00:00,242.757,51.03888888888889,18.785,36.2475
2020-07-03 06:15:00,242.5398888888889,94.28333333333333,18.77,48.33
2020-07-03 06:30:00,241.94544444444443,97.41666666666667,18.8975,76.8475
2020-07-03 06:45:00,240.56872222222225,794.4555555555555,19.025,105.36500000000001
2020-07-03 07:00:00,241.3675,62.03888888888889,19.1525,133.8825
2020-07-03 07:15:00,241.24916666666667,86.34444444444445,19.28,162.4
2020-07-03 07:30:00,240.51927777777777,95.04444444444445,19.8,214.79250000000002
2020-07-03 07:45:00,239.79672222222223,85.24444444444444,20.32,267.185
2020-07-03 08:00:00,238.72683333333333,21.272222222222222,20.84,319.5775
2020-07-03 08:15:00,237.89233333333334,85.58888888888889,21.36,371.97
2020-07-03 08:30:00,238.33999999999997,98.72777777777777,21.8825,426.6825
2020-07-03 08:45:00,237.67111111111112,97.03888888888889,22.405,481.39500000000004
2020-07-03 09:00:00,237.0553888888889,120.08888888888889,22.9275,536.1075000000001
2020-07-03 09:15:00,234.975,628.5697674418604,23.45,590.82
2020-07-03 09:30:00,237.81075342465755,339.0821917808219,23.925,639.125
2020-07-03 09:45:00,238.68227777777776,120.83333333333333,24.4,687.4300000000001
2020-07-03 10:00:00,239.56722222222223,218.82222222222222,24.875,735.735
2020-07-03 10:15:00,239.55183333333335,216.92222222222222,25.35,784.04
2020-07-03 10:30:00,236.3563888888889,164.8388888888889,25.745,817.8625
2020-07-03 10:45:00,189.03972222222222,163.80555555555554,26.14,851.685
2020-07-03 11:00:00,179.8538333333333,158.02777777777777,26.535,885.5075
2020-07-03 11:15:00,182.97605555555558,156.0,26.93,919.33
2020-07-03 11:30:00,191.67105555555557,95.00555555555556,27.22,936.595
2020-07-03 11:45:00,188.881,1021.1333333333333,27.509999999999998,953.86
2020-07-03 12:00:00,191.99911111111112,1117.388888888889,27.8,971.125
2020-07-03 12:15:00,98.01422222222223,578.3055555555555,28.09,988.39
2020-07-03 12:30:00,8.855277777777777,48.68333333333333,28.2275,986.14
2020-07-03 12:45:00,11.52961111111111,25.0,28.365000000000002,983.89
2020-07-03 13:00:00,8.884500000000001,7.094444444444444,28.5025,981.64
2020-07-03 13:15:00,7.544111111111111,5.361111111111111,28.64,979.39
2020-07-03 13:30:00,9.390674157303371,6.410112359550562,28.675,958.9275
2020-07-03 13:45:00,12.389831460674156,7.769662921348314,28.71,938.4649999999999
2020-07-03 14:00:00,8.78902857142857,6.451428571428571,28.745,918.0024999999999
2020-07-03 14:15:00,9.281629213483146,7.634831460674158,28.78,897.54
2020-07-03 14:30:00,7.815112359550561,4.764044943820225,28.725,862.145
2020-07-03 14:45:00,9.982415730337078,7.837078651685394,28.67,826.75
2020-07-03 15:00:00,12.890168539325842,23.078651685393258,28.615,791.355
2020-07-03 15:15:00,13.936206896551724,77.83908045977012,28.56,755.96
2020-07-03 15:30:00,10.665421686746988,35.96987951807229,28.375,707.3175
2020-07-03 15:45:00,17.69187969924812,14.007518796992482,28.189999999999998,658.675
2020-07-03 16:00:00,18.980117647058822,9.68235294117647,28.005,610.0325
2020-07-03 16:15:00,19.525166666666667,14.616666666666667,27.82,561.39
2020-07-03 16:30:00,15.485055555555554,12.994444444444444,27.497500000000002,506.865
2020-07-03 16:45:00,16.010333333333335,13.183333333333334,27.175,452.34000000000003
2020-07-03 17:00:00,18.10038888888889,14.466666666666667,26.8525,397.815
2020-07-03 17:15:00,17.753444444444444,10.655555555555555,26.53,343.29
2020-07-03 17:30:00,18.893333333333334,10.272222222222222,26.105,291.45750000000004
2020-07-03 17:45:00,19.781944444444445,16.566666666666666,25.68,239.625
2020-07-03 18:00:00,23.443666666666665,20.622222222222224,25.255,187.79250000000002
2020-07-03 18:15:00,26.433055555555555,24.22222222222222,24.83,135.96
2020-07-03 18:30:00,22.669555555555554,110.88333333333334,24.287499999999998,108.9075
2020-07-03 18:45:00,25.002444444444443,23.711111111111112,23.744999999999997,81.855
2020-07-03 19:00:00,29.046833333333336,23.755555555555556,23.2025,54.80250000000001
2020-07-03 19:15:00,113.55911111111111,82.58333333333333,22.66,27.75
2020-07-03 19:30:00,134.2,101.21111111111111,22.310000000000002,20.8125
2020-07-03 19:45:00,99.08488888888888,83.04444444444445,21.96,13.875
2020-07-03 20:00:00,29.563222222222223,25.42222222222222,21.61,6.9375
2020-07-03 20:15:00,42.05777777777777,47.03888888888889,21.26,0.0
2020-07-03 20:30:00,163.72727777777777,164.75555555555556,21.05,0.0
2020-07-03 20:45:00,163.76455555555555,198.48888888888888,20.840000000000003,0.0
2020-07-03 21:00:00,160.47572222222223,187.66666666666666,20.630000000000003,0.0
2020-07-03 21:15:00,173.93761111111112,608.7111111111111,20.42,0.0
2020-07-03 21:30:00,177.50016666666667,413.81666666666666,20.262500000000003,0.0
2020-07-03 21:45:00,175.63977142857144,229.61714285714285,20.105,0.0
2020-07-03 22:00:00,164.7555303030303,181.1439393939394,19.947499999999998,0.0
2020-07-03 22:15:00,171.83814606741572,164.8426966292135,19.79,0.0
2020-07-03 22:30:00,207.6101666666667,195.13888888888889,19.64,0.0
2020-07-03 22:45:00,205.42083333333332,196.65,19.490000000000002,0.0
2020-07-03 23:00:00,203.37872222222222,175.8,19.34,0.0
2020-07-03 23:15:00,201.39105555555554,186.8111111111111,19.19,0.0
2020-07-03 23:30:00,199.2358888888889,203.0388888888889,19.137500000000003,0.0
2020-07-03 23:45:00,202.25605555555555,186.56666666666666,19.085,0.0
2020-07-04 00:00:00,205.8385,368.0833333333333,19.0325,0.0
2020-07-04 00:15:00,205.78549999999998,784.7611111111111,18.98,0.0
2020-07-04 00:30:00,207.53766666666667,84.46111111111111,18.9025,0.0
2020-07-04 00:45:00,206.83455555555557,82.75555555555556,18.825000000000003,0.0
2020-07-04 01:00:00,207.09133333333335,78.1,18.747500000000002,0.0
2020-07-04 01:15:00,207.2396111111111,77.67777777777778,18.67,0.0
2020-07-04 01:30:00,207.85055555555556,79.63888888888889,18.560000000000002,0.0
2020-07-04 01:45:00,206.92461111111112,116.11666666666666,18.450000000000003,0.0
2020-07-04 02:00:00,208.5536111111111,178.1611111111111,18.34,0.0
2020-07-04 02:15:00,208.60505555555554,82.81666666666666,18.23,0.0
2020-07-04 02:30:00,206.3814444444444,82.28333333333333,18.0875,0.0
2020-07-04 02:45:00,207.312,94.03333333333333,17.945,0.0
2020-07-04 03:00:00,208.2327222222222,92.6,17.802500000000002,0.0
2020-07-04 03:15:00,200.24416666666664,86.57222222222222,17.66,0.0
2020-07-04 03:30:00,153.5065,236.27777777777777,17.64,0.0
2020-07-04 03:45:00,132.68883333333335,340.85,17.619999999999997,0.0
2020-07-04 04:00:00,131.26142857142858,54.222857142857144,17.599999999999998,0.0
2020-07-04 04:15:00,128.00286764705882,49.63970588235294,17.58,0.0
2020-07-04 04:30:00,126.08601123595507,27.51685393258427,17.555,0.0
2020-07-04 04:45:00,126.26172222222223,42.30555555555556,17.53,0.0
2020-07-04 05:00:00,128.7186111111111,35.59444444444444,17.505,0.0
2020-07-04 05:15:00,127.15261111111111,46.47222222222222,17.48,0.0
2020-07-04 05:30:00,130.64333333333332,35.666666666666664,17.4075,11.4125
2020-07-04 05:45:00,131.59166666666667,44.2,17.335,22.825
2020-07-04 06:00:00,129.97816666666665,37.68333333333333,17.262500000000003,34.2375
2020-07-04 06:15:00,130.8561111111111,30.82777777777778,17.19,45.65
2020-07-04 06:30:00,133.5855,48.53333333333333,17.587500000000002,74.585
2020-07-04 06:45:00,130.71944444444443,51.855555555555554,17.985,103.51999999999998
2020-07-04 07:00:00,124.27344444444445,8.61111111111111,18.3825,132.45499999999998
2020-07-04 07:15:00,121.49155555555555,22.461111111111112,18.78,161.39
2020-07-04 07:30:00,121.77099999999999,46.983333333333334,19.47,214.25
2020-07-04 07:45:00,125.24616666666667,48.34444444444444,20.16,267.11
2020-07-04 08:00:00,130.53394444444444,422.74444444444447,20.85,319.96999999999997
2020-07-04 08:15:00,139.39922222222222,21.233333333333334,21.54,372.83
2020-07-04 08:30:00,142.08183333333332,57.40555555555556,22.155,426.16499999999996
2020-07-04 08:45:00,140.50461111111113,52.827777777777776,22.77,479.5
2020-07-04 09:00:00,141.20533333333333,31.072222222222223,23.384999999999998,532.835
2020-07-04 09:15:00,148.24072222222225,63.41111111111111,24.0,586.17
2020-07-04 09:30:00,152.4946111111111,50.66111111111111,24.53,634.345
2020-07-04 09:45:00,130.68855555555555,36.37777777777778,25.060000000000002,682.52
2020-07-04 10:00:00,123.97916666666667,50.7,25.59,730.6949999999999
2020-07-04 10:15:00,145.2422777777778,60.95,26.12,778.87
2020-07-04 10:30:00,177.21579310344828,906.5586206896552,26.5775,811.27
2020-07-04 10:45:00,164.2120394736842,139.4934210526316,27.035,843.6700000000001
2020-07-04 11:00:00,149.2291111111111,59.983333333333334,27.4925,876.07
2020-07-04 11:15:00,152.40894444444444,54.27777777777778,27.95,908.47
2020-07-04 11:30:00,168.74672222222222,58.833333333333336,28.255,925.6675
2020-07-04 11:45:00,146.06688888888888,55.46666666666667,28.560000000000002,942.865
2020-07-04 12:00:00,173.70961111111112,11.133333333333333,28.865000000000002,960.0625
2020-07-04 12:15:00,210.41911111111114,42.69444444444444,29.17,977.26
2020-07-04 12:30:00,212.2868333333333,88.01666666666667,29.32,974.9925000000001
2020-07-04 12:45:00,212.95927777777777,744.75,29.47,972.725
2020-07-04 13:00:00,214.78083333333336,106.1,29.62,970.4575
2020-07-04 13:15:00,215.98738888888892,78.20555555555555,29.77,968.19
2020-07-04 13:30:00,216.24005555555556,310.93333333333334,29.8025,950.2900000000001
2020-07-04 13:45:00,215.4517222222222,1138.5388888888888,29.835,932.3900000000001
2020-07-04 14:00:00,215.91144444444444,1094.8444444444444,29.8675,914.49
2020-07-04 14:15:00,216.84811111111114,1166.15,29.9,896.59
2020-07-04 14:30:00,216.34344444444443,1116.4666666666667,29.875,861.21
2020-07-04 14:45:00,218.14211111111112,537.9055555555556,29.85,825.83
2020-07-04 15:00:00,220.0922222222222,99.66666666666667,29.825,790.45
2020-07-04 15:15:00,221.02433333333332,142.11666666666667,29.8,755.07
2020-07-04 15:30:00,221.6868888888889,96.03888888888889,29.655,705.9350000000001
2020-07-04 15:45:00,221.92083333333332,67.84444444444445,29.509999999999998,656.8
2020-07-04 16:00:00,222.57644444444446,90.85555555555555,29.365,607.665
2020-07-04 16:15:00,222.90966666666665,86.58333333333333,29.22,558.53
2020-07-04 16:30:00,222.75832402234636,89.76536312849161,29.035,504.59
2020-07-04 16:45:00,223.41180555555556,101.54861111111111,28.85,450.65
2020-07-04 17:00:00,224.10417177914113,184.24539877300614,28.665,396.71
2020-07-04 17:15:00,224.03166666666664,179.98333333333332,28.48,342.77
2020-07-04 17:30:00,222.35766666666666,1196.35,28.175,291.1825
2020-07-04 17:45:00,224.42966666666663,157.94444444444446,27.87,239.59499999999997
2020-07-04 18:00:00,225.43394444444445,181.1,27.565,188.0075
2020-07-04 18:15:00,225.9416111111111,191.01111111111112,27.26,136.42
2020-07-04 18:30:00,225.50744444444442,188.86111111111111,26.7275,109.2525
2020-07-04 18:45:00,225.83666666666664,191.3388888888889,26.195,82.085
2020-07-04 19:00:00,225.82616666666667,184.50555555555556,25.6625,54.91749999999999
2020-07-04 19:15:00,225.45622222222224,179.99444444444444,25.13,27.75
2020-07-04 19:30:00,223.6398888888889,195.01666666666668,24.7,20.8125
2020-07-04 19:45:00,220.97366666666667,735.1222222222223,24.27,13.875
2020-07-04 20:00:00,219.75433333333334,629.2333333333333,23.84,6.9375
2020-07-04 20:15:00,217.9833888888889,1084.9,23.41,0.0
2020-07-04 20:30:00,217.92211111111112,1309.5111111111112,23.1675,0.0
2020-07-04 20:45:00,218.29044444444443,1309.9611111111112,22.925,0.0
2020-07-04 21:00:00,219.675,521.5388888888889,22.6825,0.0
2020-07-04 21:15:00,219.97988888888887,231.3111111111111,22.44,0.0
2020-07-04 21:30:00,220.02138888888888,287.3777777777778,22.267500000000002,0.0
2020-07-04 21:45:00,219.93533333333335,253.73333333333332,22.095,0.0
2020-07-04 22:00:00,220.16105555555555,257.7111111111111,21.9225,0.0
2020-07-04 22:15:00,220.5953888888889,255.69444444444446,21.75,0.0
2020-07-04 22:30:00,219.19611111111112,254.87222222222223,21.6025,0.0
2020-07-04 22:45:00,219.42066666666668,168.42777777777778,21.455,0.0
2020-07-04 23:00:00,219.54006802721088,121.8639455782313,21.3075,0.0
2020-07-04 23:15:00,219.982037037037,116.46913580246914,21.16,0.0
2020-07-04 23:30:00,220.3377777777778,115.32777777777778,21.0425,0.0
2020-07-04 23:45:00,220.0873888888889,97.31111111111112,20.925,0.0
2020-07-05 00:00:00,220.7862222222222,76.38888888888889,20.8075,0.0
2020-07-05 00:15:00,219.65172222222222,819.0222222222222,20.69,0.0
2020-07-05 00:30:00,220.3511111111111,78.36666666666666,20.595,0.0
2020-07-05 00:45:00,220.54338888888887,78.05,20.5,0.0
2020-07-05 01:00:00,221.06772222222224,78.19444444444444,20.405,0.0
2020-07-05 01:15:00,221.65566666666666,77.95555555555555,20.31,0.0
2020-07-05 01:30:00,222.9813888888889,75.41666666666667,20.2225,0.0
2020-07-05 01:45:00,222.55122222222224,74.98333333333333,20.134999999999998,0.0
2020-07-05 02:00:00,222.7118888888889,77.85,20.0475,0.0
2020-07-05 02:15:00,222.93116666666668,78.23333333333333,19.96,0.0
2020-07-05 02:30:00,223.62955555555556,78.35555555555555,19.887500000000003,0.0
2020-07-05 02:45:00,223.15872222222222,78.28333333333333,19.815,0.0
2020-07-05 03:00:00,223.02883333333335,74.35555555555555,19.7425,0.0
2020-07-05 03:15:00,222.98700000000002,76.63333333333334,19.67,0.0
2020-07-05 03:30:00,223.09816666666666,79.11666666666666,19.605,0.0
2020-07-05 03:45:00,223.63455555555555,190.5888888888889,19.54,0.0
2020-07-05 04:00:00,223.93783333333332,153.35,19.475,0.0
2020-07-05 04:15:00,223.1728888888889,762.8333333333334,19.41,0.0
2020-07-05 04:30:00,224.48905555555555,99.97777777777777,19.38,0.0
2020-07-05 04:45:00,225.3573888888889,100.02777777777777,19.35,0.0
2020-07-05 05:00:00,224.9073888888889,97.00555555555556,19.32,0.0
2020-07-05 05:15:00,224.21485714285714,93.35428571428571,19.29,0.0
2020-07-05 05:30:00,224.13878787878787,89.22727272727273,19.2675,11.635
2020-07-05 05:45:00,224.5549132947977,86.6820809248555,19.244999999999997,23.27
2020-07-05 06:00:00,224.71016666666668,89.54444444444445,19.2225,34.905
2020-07-05 06:15:00,223.95655555555555,81.42777777777778,19.2,46.54
2020-07-05 06:30:00,224.2741111111111,82.56666666666666,19.8125,74.9725
2020-07-05 06:45:00,224.854,88.43333333333334,20.424999999999997,103.405
2020-07-05 07:00:00,223.34333333333336,20.455555555555556,21.037499999999998,131.8375
2020-07-05 07:15:00,224.7263888888889,64.03888888888889,21.65,160.27
2020-07-05 07:30:00,224.4466111111111,91.36111111111111,22.4675,211.7375
2020-07-05 07:45:00,224.03894444444447,86.2,23.285,263.205
2020-07-05 08:00:00,223.3658888888889,79.7,24.1025,314.6725
2020-07-05 08:15:00,222.81033333333335,43.19444444444444,24.92,366.14
2020-07-05 08:30:00,223.79133333333334,92.67777777777778,25.565,418.72
2020-07-05 08:45:00,222.9156111111111,101.56111111111112,26.21,471.3
2020-07-05 09:00:00,222.86272222222223,172.62222222222223,26.855,523.88
2020-07-05 09:15:00,220.98983333333334,745.8111111111111,27.5,576.46
2020-07-05 09:30:00,221.4272777777778,90.49444444444444,28.09,623.9175
2020-07-05 09:45:00,221.92483333333334,81.81111111111112,28.68,671.375
2020-07-05 10:00:00,220.73022222222224,899.2944444444445,29.27,718.8325
2020-07-05 10:15:00,220.41294444444446,136.26111111111112,29.86,766.29
2020-07-05 10:30:00,220.4315,829.6722222222222,30.3325,799.4175
2020-07-05 10:45:00,220.96905555555557,50.56666666666667,30.805,832.545
2020-07-05 11:00:00,220.3443888888889,94.52222222222223,31.2775,865.6724999999999
2020-07-05 11:15:00,220.2873888888889,69.53333333333333,31.75,898.8
2020-07-05 11:30:00,220.1177094972067,73.39664804469274,32.1275,915.9549999999999
2020-07-05 11:45:00,220.65378787878788,88.57575757575758,32.504999999999995,933.1099999999999
2020-07-05 12:00:00,221.49868263473053,98.05988023952096,32.8825,950.265
2020-07-05 12:15:00,219.92072222222225,1156.7277777777779,33.26,967.42
2020-07-05 12:30:00,221.10022222222221,135.92777777777778,33.48,967.4575
2020-07-05 12:45:00,221.07683333333335,253.78333333333333,33.7,967.495
2020-07-05 13:00:00,220.24305555555554,619.8,33.92,967.5325
2020-07-05 13:15:00,219.78422222222224,856.7055555555555,34.14,967.57
2020-07-05 13:30:00,220.94116666666667,251.01111111111112,34.19,947.38
2020-07-05 13:45:00,222.0756111111111,247.4611111111111,34.24,927.19
2020-07-05 14:00:00,222.2662777777778,165.4388888888889,34.290000000000006,907.0
2020-07-05 14:15:00,222.3991111111111,166.85,34.34,886.81
2020-07-05 14:30:00,222.4112222222222,189.42777777777778,34.2675,851.99
2020-07-05 14:45:00,222.50433333333334,192.87777777777777,34.195,817.17
2020-07-05 15:00:00,222.65266666666668,153.28333333333333,34.1225,782.3499999999999
2020-07-05 15:15:00,222.65227777777778,177.45,34.05,747.53
2020-07-05 15:30:00,223.2267222222222,228.45,33.785,698.1949999999999
2020-07-05 15:45:00,222.33950000000002,848.9277777777778,33.519999999999996,648.86
2020-07-05 16:00:00,223.57966666666664,184.66666666666666,33.255,599.5250000000001
2020-07-05 16:15:00,222.33205555555554,185.03333333333333,32.99,550.19
2020-07-05 16:30:00,221.44394444444447,186.55,32.6725,495.81500000000005
2020-07-05 16:45:00,221.77255555555556,195.64444444444445,32.355000000000004,441.44000000000005
2020-07-05 17:00:00,222.30305555555557,183.21666666666667,32.0375,387.065
2020-07-05 17:15:00,222.6117777777778,189.8,31.72,332.69
2020-07-05 17:30:00,222.31944444444446,166.48888888888888,31.287499999999998,283.4625
2020-07-05 17:45:00,220.59339393939396,1244.2060606060606,30.854999999999997,234.235
2020-07-05 18:00:00,221.36776119402984,619.6044776119403,30.4225,185.0075
2020-07-05 18:15:00,221.7989944134078,171.91061452513966,29.99,135.78
2020-07-05 18:30:00,219.05433333333332,315.1777777777778,29.59,108.77250000000001
2020-07-05 18:45:00,239.18061111111112,370.81111111111113,29.189999999999998,81.765
2020-07-05 19:00:00,203.76655555555558,252.84444444444443,28.79,54.75749999999999
2020-07-05 19:15:00,136.87455555555556,110.22222222222223,28.39,27.75
2020-07-05 19:30:00,132.0052777777778,125.57222222222222,27.825,20.8125
2020-07-05 19:45:00,128.62605555555555,237.45,27.259999999999998,13.875
2020-07-05 20:00:00,135.3037222222222,301.30555555555554,26.695,6.9375
2020-07-05 20:15:00,144.33794444444445,700.9111111111112,26.13,0.0
2020-07-05 20:30:00,144.54544444444446,123.88333333333334,25.835,0.0
2020-07-05 20:45:00,144.13044444444444,136.12777777777777,25.54,0.0
2020-07-05 21:00:00,141.97766666666666,137.4777777777778,25.244999999999997,0.0
2020-07-05 21:15:00,141.65644444444445,174.43333333333334,24.95,0.0
2020-07-05 21:30:00,133.60427777777778,160.68333333333334,24.675,0.0
2020-07-05 21:45:00,126.30527777777777,150.99444444444444,24.4,0.0
2020-07-05 22:00:00,129.34194444444444,158.0388888888889,24.125,0.0
2020-07-05 22:15:00,138.32077777777778,167.36666666666667,23.85,0.0
2020-07-05 22:30:00,147.6741111111111,180.13333333333333,23.675,0.0
2020-07-05 22:45:00,146.66733333333332,176.17777777777778,23.5,0.0
2020-07-05 23:00:00,146.98677777777777,155.0888888888889,23.325,0.0
2020-07-05 23:15:00,141.3527777777778,453.6277777777778,23.15,0.0
2020-07-05 23:30:00,140.66172222222224,158.83333333333334,23.0175,0.0
2020-07-05 23:45:00,129.48038888888888,59.35,22.884999999999998,0.0
2020-07-06 00:00:00,131.94656804733728,46.43195266272189,22.7525,0.0
2020-07-06 00:15:00,136.22563909774436,44.7593984962406,22.62,0.0
2020-07-06 00:30:00,134.00764367816092,42.38505747126437,22.497500000000002,0.0
2020-07-06 00:45:00,143.423,45.68888888888889,22.375,0.0
2020-07-06 01:00:00,144.92394444444446,49.12222222222222,22.252499999999998,0.0
2020-07-06 01:15:00,137.64894444444445,47.016666666666666,22.13,0.0
2020-07-06 01:30:00,136.20777777777778,46.62222222222222,22.305,0.0
2020-07-06 01:45:00,143.15161111111112,46.28333333333333,22.479999999999997,0.0
2020-07-06 02:00:00,149.9272777777778,25.872222222222224,22.654999999999998,0.0
2020-07-06 02:15:00,156.48566666666665,49.794444444444444,22.83,0.0
2020-07-06 02:30:00,160.76766666666666,53.78888888888889,22.912499999999998,0.0
2020-07-06 02:45:00,160.45266666666666,54.03888888888889,22.994999999999997,0.0
2020-07-06 03:00:00,156.21105555555556,52.733333333333334,23.0775,0.0
2020-07-06 03:15:00,158.085,545.5277777777778,23.16,0.0
2020-07-06 03:30:00,163.36944444444444,50.82222222222222,23.12,0.0
2020-07-06 03:45:00,161.99777777777777,49.888888888888886,23.08,0.0
2020-07-06 04:00:00,160.87166666666667,52.92777777777778,23.04,0.0
2020-07-06 04:15:00,161.45694444444445,54.15,23.0,0.0
2020-07-06 04:30:00,162.9841111111111,55.1,22.845,0.0
2020-07-06 04:45:00,166.65694444444443,57.577777777777776,22.689999999999998,0.0
2020-07-06 05:00:00,165.0412777777778,52.105555555555554,22.535,0.0
2020-07-06 05:15:00,158.17272222222223,49.477777777777774,22.38,0.0
2020-07-06 05:30:00,161.0565,50.766666666666666,22.127499999999998,11.635
2020-07-06 05:45:00,155.4715,52.388888888888886,21.875,23.27
2020-07-06 06:00:00,145.80311111111112,49.172222222222224,21.622500000000002,34.905
2020-07-06 06:15:00,141.08817142857143,48.08571428571429,21.37,46.54
2020-07-06 06:30:00,137.6147619047619,46.82539682539682,21.735,75.2175
2020-07-06 06:45:00,145.6733529411765,47.94705882352941,22.1,103.89500000000001
2020-07-06 07:00:00,150.2558888888889,47.68333333333333,22.465,132.5725
2020-07-06 07:15:00,153.335,475.5777777777778,22.83,161.25
2020-07-06 07:30:00,149.10838888888887,142.45555555555555,23.7575,212.7175
2020-07-06 07:45:00,145.76038888888888,52.144444444444446,24.685,264.185
2020-07-06 08:00:00,142.9188888888889,82.02222222222223,25.612499999999997,315.65250000000003
2020-07-06 08:15:00,147.8258888888889,121.71111111111111,26.54,367.12
2020-07-06 08:30:00,150.26794444444445,57.766666666666666,27.3375,413.26
2020-07-06 08:45:00,139.13405555555556,93.66666666666667,28.134999999999998,459.4
2020-07-06 09:00:00,167.03333333333333,127.20555555555555,28.9325,505.53999999999996
2020-07-06 09:15:00,236.8743333333333,182.35,29.73,551.68
2020-07-06 09:30:00,236.30744444444443,177.45,30.42,604.2325
2020-07-06 09:45:00,236.20344444444447,176.88333333333333,31.11,656.785
2020-07-06 10:00:00,235.9766666666667,174.3,31.8,709.3375
2020-07-06 10:15:00,235.3766666666667,172.20555555555555,32.49,761.89
2020-07-06 10:30:00,170.47594444444442,168.1888888888889,33.1325,793.835
2020-07-06 10:45:00,113.04511111111111,488.5833333333333,33.775000000000006,825.78
2020-07-06 11:00:00,133.35838888888887,63.68333333333333,34.417500000000004,857.7249999999999
2020-07-06 11:15:00,149.56272222222222,59.05,35.06,889.67
2020-07-06 11:30:00,129.68577777777776,61.65555555555556,35.542500000000004,907.6025
2020-07-06 11:45:00,111.29494444444444,49.87222222222222,36.025000000000006,925.535
2020-07-06 12:00:00,123.03555555555556,48.666666666666664,36.5075,943.4675
2020-07-06 12:15:00,125.47433333333333,48.13333333333333,36.99,961.4
2020-07-06 12:30:00,127.40670391061452,53.5195530726257,37.2475,963.0325
2020-07-06 12:45:00,127.50783216783216,55.26573426573427,37.505,964.665
2020-07-06 13:00:00,126.88941558441559,49.79220779220779,37.7625,966.2974999999999
2020-07-06 13:15:00,127.6688888888889,29.805555555555557,38.02,967.93
2020-07-06 13:30:00,126.57566666666666,465.97222222222223,38.0375,942.9625
2020-07-06 13:45:00,129.87038888888887,50.09444444444444,38.05500000000001,917.9949999999999
2020-07-06 14:00:00,130.96016666666668,31.366666666666667,38.072500000000005,893.0274999999999
2020-07-06 14:15:00,128.05205555555554,298.3388888888889,38.09,868.06
2020-07-06 14:30:00,129.28416666666666,694.3777777777777,37.8925,836.9725
2020-07-06 14:45:00,129.03133333333332,692.4055555555556,37.695,805.885
2020-07-06 15:00:00,127.44822222222223,655.8944444444444,37.4975,774.7975
2020-07-06 15:15:00,125.259,640.5388888888889,37.3,743.71
2020-07-06 15:30:00,130.43533333333335,415.3333333333333,36.935,697.0500000000001
2020-07-06 15:45:00,130.87772222222222,50.78333333333333,36.57,650.3900000000001
2020-07-06 16:00:00,131.38016666666667,54.7,36.205,603.73
2020-07-06 16:15:00,134.8096666666667,54.12222222222222,35.84,557.07
2020-07-06 16:30:00,132.36661111111113,54.705555555555556,35.395,502.32250000000005
2020-07-06 16:45:00,126.89861111111111,52.52777777777778,34.95,447.57500000000005
2020-07-06 17:00:00,123.62405555555557,160.4777777777778,34.505,392.8275
2020-07-06 17:15:00,115.41,645.7055555555555,34.06,338.08
2020-07-06 17:30:00,122.69449999999999,716.3888888888889,33.572500000000005,287.815
2020-07-06 17:45:00,128.72655555555554,245.42777777777778,33.085,237.55
2020-07-06 18:00:00,131.80072222222222,111.57222222222222,32.5975,187.285
2020-07-06 18:15:00,132.71527777777777,112.6,32.11,137.02
2020-07-06 18:30:00,133.30305555555555,127.77222222222223,31.7225,109.4775
2020-07-06 18:45:00,132.05247191011236,175.5561797752809,31.335,81.935
2020-07-06 19:00:00,134.52828767123287,109.32876712328768,30.947499999999998,54.3925
2020-07-06 19:15:00,129.33364197530864,133.179012345679,30.56,26.85
2020-07-06 19:30:00,119.34077777777777,132.77777777777777,29.919999999999998,20.137500000000003
2020-07-06 19:45:00,115.54616666666668,148.65,29.28,13.425
2020-07-06 20:00:00,117.83399999999999,309.60555555555555,28.64,6.712499999999999
2020-07-06 20:15:00,121.72877777777778,433.25555555555553,28.0,0.0
2020-07-06 20:30:00,118.87722222222223,160.67222222222222,27.6475,0.0
2020-07-06 20:45:00,121.80827777777779,162.70555555555555,27.295,0.0
2020-07-06 21:00:00,127.5903888888889,164.17222222222222,26.9425,0.0
2020-07-06 21:15:00,133.3403888888889,174.73333333333332,26.59,0.0
2020-07-06 21:30:00,134.5836111111111,179.14444444444445,26.2725,0.0
2020-07-06 21:45:00,140.7306111111111,157.5611111111111,25.955,0.0
2020-07-06 22:00:00,138.73627777777776,133.15,25.6375,0.0
2020-07-06 22:15:00,140.41233333333335,139.8,25.32,0.0
2020-07-06 22:30:00,139.72472222222223,145.13333333333333,25.03,0.0
2020-07-06 22:45:00,135.78005555555555,105.96666666666667,24.740000000000002,0.0
2020-07-06 23:00:00,144.59466666666668,104.86111111111111,24.45,0.0
2020-07-06 23:15:00,143.526,68.57777777777778,24.16,0.0
2020-07-06 23:30:00,141.58805555555554,240.57222222222222,23.884999999999998,0.0
2020-07-06 23:45:00,141.7053888888889,346.2611111111111,23.61,0.0
2020-07-07 00:00:00,142.48616666666666,62.26111111111111,23.335,0.0
2020-07-07 00:15:00,148.21694444444444,72.00555555555556,23.06,0.0
2020-07-07 00:30:00,149.1461666666667,70.06666666666666,22.865,0.0
2020-07-07 00:45:00,151.28233333333333,73.08333333333333,22.67,0.0
2020-07-07 01:00:00,150.66297752808987,52.764044943820224,22.475,0.0
2020-07-07 01:15:00,151.64739726027398,55.78767123287671,22.28,0.0
2020-07-07 01:30:00,155.36184210526315,68.54605263157895,22.1825,0.0
2020-07-07 01:45:00,155.36833333333334,61.894444444444446,22.085,0.0
2020-07-07 02:00:00,155.91805555555555,64.48333333333333,21.9875,0.0
2020-07-07 02:15:00,156.41188888888888,63.47222222222222,21.89,0.0
2020-07-07 02:30:00,158.1301111111111,60.327777777777776,21.747500000000002,0.0
2020-07-07 02:45:00,154.7358888888889,283.97222222222223,21.605,0.0
2020-07-07 03:00:00,148.99,341.8611111111111,21.4625,0.0
2020-07-07 03:15:00,150.76183333333333,59.23888888888889,21.32,0.0
2020-07-07 03:30:00,152.046,58.794444444444444,21.122500000000002,0.0
2020-07-07 03:45:00,154.30450000000002,33.24444444444445,20.925,0.0
2020-07-07 04:00:00,157.0051111111111,60.62777777777778,20.7275,0.0
2020-07-07 04:15:00,157.68744444444445,27.288888888888888,20.53,0.0
2020-07-07 04:30:00,151.08944444444444,34.65,20.34,0.0
2020-07-07 04:45:00,146.6693888888889,60.28333333333333,20.15,0.0
2020-07-07 05:00:00,148.10055555555556,55.894444444444446,19.96,0.0
2020-07-07 05:15:00,146.16477777777777,52.38333333333333,19.77,0.0
2020-07-07 05:30:00,142.53972222222222,56.18333333333333,19.775,11.4125
2020-07-07 05:45:00,133.1135,48.36666666666667,19.78,22.825
2020-07-07 06:00:00,137.78238888888887,20.86111111111111,19.785,34.2375
2020-07-07 06:15:00,135.83105555555557,260.3722222222222,19.79,45.65
2020-07-07 06:30:00,137.2422777777778,367.64444444444445,20.619999999999997,74.285
2020-07-07 06:45:00,141.29016666666666,56.73888888888889,21.45,102.91999999999999
2020-07-07 07:00:00,145.33344444444444,52.46111111111111,22.28,131.555
2020-07-07 07:15:00,148.19444444444446,50.46666666666667,23.11,160.19
2020-07-07 07:30:00,148.27176056338027,54.29577464788732,24.4925,211.46249999999998
2020-07-07 07:45:00,154.5177551020408,56.93197278911565,25.875,262.735
2020-07-07 08:00:00,159.96166666666664,163.55,27.2575,314.0075
2020-07-07 08:15:00,160.05144444444443,612.0055555555556,28.64,365.28
2020-07-07 08:30:00,162.86205555555554,165.08333333333334,29.725,418.9025
2020-07-07 08:45:00,154.91355555555555,191.7,30.81,472.525
2020-07-07 09:00:00,144.16922222222223,173.0388888888889,31.894999999999996,526.1475
2020-07-07 09:15:00,131.86855555555556,135.75555555555556,32.98,579.77
2020-07-07 09:30:00,125.70188888888889,81.95555555555555,33.8225,628.0675
2020-07-07 09:45:00,122.70777777777779,247.27777777777777,34.665,676.365
2020-07-07 10:00:00,115.75366666666666,216.1,35.5075,724.6625
2020-07-07 10:15:00,113.02216666666668,37.12777777777778,36.35,772.96
2020-07-07 10:30:00,113.28577777777777,40.361111111111114,37.0025,806.695
2020-07-07 10:45:00,117.04844444444446,43.022222222222226,37.655,840.4300000000001
2020-07-07 11:00:00,119.85233333333332,39.95,38.307500000000005,874.165
2020-07-07 11:15:00,122.4895,239.06666666666666,38.96,907.9
2020-07-07 11:30:00,126.38783333333335,488.68888888888887,39.3725,926.54
2020-07-07 11:45:00,120.7815,69.96111111111111,39.785,945.1800000000001
2020-07-07 12:00:00,128.23116666666667,73.76666666666667,40.1975,963.82
2020-07-07 12:15:00,122.63227777777779,111.39444444444445,40.61,982.46
2020-07-07 12:30:00,125.98727777777778,115.83333333333333,40.769999999999996,977.6625
2020-07-07 12:45:00,131.90166666666667,507.6,40.93,972.865
2020-07-07 13:00:00,136.98544444444445,269.3722222222222,41.09,968.0675
2020-07-07 13:15:00,137.77627777777778,57.477777777777774,41.25,963.27
2020-07-07 13:30:00,138.69994444444444,59.72222222222222,41.1825,944.505
2020-07-07 13:45:00,142.3028846153846,56.63461538461539,41.114999999999995,925.74
2020-07-07 14:00:00,144.31130136986303,50.705479452054796,41.0475,906.975
2020-07-07 14:15:00,146.8782222222222,58.33888888888889,40.98,888.21
2020-07-07 14:30:00,145.80055555555555,54.87222222222222,40.79,850.6
2020-07-07 14:45:00,148.24316666666667,113.18333333333334,40.599999999999994,812.99
2020-07-07 15:00:00,136.89916666666664,702.6944444444445,40.41,775.38
2020-07-07 15:15:00,134.46633333333332,45.1,40.22,737.77
2020-07-07 15:30:00,132.736,44.26111111111111,40.01,688.2049999999999
2020-07-07 15:45:00,137.59794444444444,46.8,39.8,638.64
2020-07-07 16:00:00,140.35838888888887,48.46111111111111,39.59,589.075
2020-07-07 16:15:00,141.26666666666668,46.77777777777778,39.38,539.51
2020-07-07 16:30:00,142.26927777777777,46.78888888888889,39.212500000000006,485.16499999999996
2020-07-07 16:45:00,143.3962222222222,582.8777777777777,39.045,430.82
2020-07-07 17:00:00,147.9403888888889,327.4888888888889,38.8775,376.475
2020-07-07 17:15:00,150.77033333333333,50.78888888888889,38.71,322.13
2020-07-07 17:30:00,151.6825,50.922222222222224,38.4525,275.46
2020-07-07 17:45:00,150.2825,82.1,38.195,228.79
2020-07-07 18:00:00,146.9922222222222,134.19444444444446,37.9375,182.12
2020-07-07 18:15:00,144.66455555555555,193.77777777777777,37.68,135.45
2020-07-07 18:30:00,141.26183333333333,163.45555555555555,37.1775,108.52499999999999
2020-07-07 18:45:00,135.5218888888889,448.5722222222222,36.675,81.6
2020-07-07 19:00:00,130.6878888888889,781.8277777777778,36.1725,54.675
2020-07-07 19:15:00,132.40233333333333,228.57222222222222,35.67,27.75
2020-07-07 19:30:00,120.20899999999999,144.84444444444443,35.0925,20.8125
2020-07-07 19:45:00,128.801797752809,158.18539325842696,34.515,13.875
2020-07-07 20:00:00,120.91715328467154,153.16058394160584,33.9375,6.9375
2020-07-07 20:15:00,113.57364197530865,520.3271604938271,33.36,0.0
2020-07-07 20:30:00,112.82355555555556,241.48888888888888,32.9325,0.0
2020-07-07 20:45:00,113.15466666666667,170.62777777777777,32.504999999999995,0.0
2020-07-07 21:00:00,130.41850000000002,140.93333333333334,32.0775,0.0
2020-07-07 21:15:00,155.19877777777776,201.62777777777777,31.65,0.0
2020-07-07 21:30:00,158.78516666666667,271.0722222222222,31.39,0.0
2020-07-07 21:45:00,148.31933333333333,706.5388888888889,31.13,0.0
2020-07-07 22:00:00,135.68744444444445,225.57222222222222,30.869999999999997,0.0
2020-07-07 22:15:00,137.4045,214.01666666666668,30.61,0.0
2020-07-07 22:30:00,132.24733333333333,387.65,30.405,0.0
2020-07-07 22:45:00,126.55566666666667,617.9111111111112,30.2,0.0
2020-07-07 23:00:00,123.92361111111111,208.42222222222222,29.994999999999997,0.0
2020-07-07 23:15:00,126.25866666666667,187.93333333333334,29.79,0.0
2020-07-07 23:30:00,127.29877777777777,160.55,29.6025,0.0
2020-07-07 23:45:00,132.3323888888889,156.44444444444446,29.415,0.0
2020-07-08 00:00:00,140.54783333333333,135.3111111111111,29.2275,0.0
2020-07-08 00:15:00,140.92844444444444,132.57777777777778,29.04,0.0
2020-07-08 00:30:00,142.0932222222222,115.57777777777778,28.669999999999998,0.0
2020-07-08 00:45:00,141.15244444444443,79.7,28.299999999999997,0.0
2020-07-08 01:00:00,140.3736111111111,528.9166666666666,27.93,0.0
2020-07-08 01:15:00,142.90894444444444,96.27222222222223,27.56,0.0
2020-07-08 01:30:00,144.20833333333334,98.67222222222222,27.244999999999997,0.0
2020-07-08 01:45:00,143.224,98.17777777777778,26.93,0.0
2020-07-08 02:00:00,143.8811235955056,84.21348314606742,26.615000000000002,0.0
2020-07-08 02:15:00,139.9390909090909,56.76223776223776,26.3,0.0
2020-07-08 02:30:00,138.70267515923567,51.71337579617835,25.96,0.0
2020-07-08 02:45:00,132.2575,49.83888888888889,25.62,0.0
2020-07-08 03:00:00,132.91,54.1,25.28,0.0
2020-07-08 03:15:00,137.71216666666666,52.48888888888889,24.94,0.0
2020-07-08 03:30:00,137.93522222222222,50.138888888888886,24.595,0.0
2020-07-08 03:45:00,141.43338888888889,55.5,24.25,0.0
2020-07-08 04:00:00,145.86716666666666,56.46111111111111,23.905,0.0
2020-07-08 04:15:00,151.93133333333333,545.4666666666667,23.56,0.0
2020-07-08 04:30:00,151.74533333333332,56.80555555555556,23.3175,0.0
2020-07-08 04:45:00,151.78977777777777,59.37222222222222,23.075,0.0
2020-07-08 05:00:00,152.53144444444445,55.977777777777774,22.8325,0.0
2020-07-08 05:15:00,153.623,30.494444444444444,22.59,0.0
2020-07-08 05:30:00,154.96983333333333,58.42777777777778,22.4675,11.1875
2020-07-08 05:45:00,158.0088888888889,36.22222222222222,22.345,22.375
2020-07-08 06:00:00,158.20616666666666,49.733333333333334,22.2225,33.5625
2020-07-08 06:15:00,156.80127777777778,59.422222222222224,22.1,44.75
2020-07-08 06:30:00,158.451,56.76111111111111,22.415,73.72
2020-07-08 06:45:00,158.4428888888889,53.42777777777778,22.73,102.69
2020-07-08 07:00:00,160.0296111111111,58.30555555555556,23.045,131.66
2020-07-08 07:15:00,160.32711111111112,58.69444444444444,23.36,160.63
2020-07-08 07:30:00,157.23077777777777,52.99444444444445,23.877499999999998,210.13
2020-07-08 07:45:00,154.21955555555556,32.1,24.395,259.63
2020-07-08 08:00:00,155.89833333333334,52.65555555555556,24.9125,309.13
2020-07-08 08:15:00,153.8039053254438,506.4437869822485,25.43,358.63
2020-07-08 08:30:00,154.8196062992126,42.84251968503937,25.92,410.3375
2020-07-08 08:45:00,154.30725714285714,57.645714285714284,26.41,462.045
2020-07-08 09:00:00,153.31155555555557,57.21111111111111,26.9,513.7525
2020-07-08 09:15:00,155.72272222222222,54.21111111111111,27.39,565.46
2020-07-08 09:30:00,155.25616666666667,115.43333333333334,27.715,614.2225000000001
2020-07-08 09:45:00,153.76983333333334,56.2,28.04,662.985
2020-07-08 10:00:00,148.34516666666667,54.361111111111114,28.365000000000002,711.7475
2020-07-08 10:15:00,132.4446111111111,48.68888888888889,28.69,760.51
2020-07-08 10:30:00,129.58811111111112,49.855555555555554,28.8625,794.9125
2020-07-08 10:45:00,121.58288888888887,43.66111111111111,29.035,829.315
2020-07-08 11:00:00,124.907,414.4611111111111,29.2075,863.7175
2020-07-08 11:15:00,124.98294444444444,118.21666666666667,29.38,898.12
2020-07-08 11:30:00,122.01744444444444,43.57222222222222,29.447499999999998,918.95
2020-07-08 11:45:00,127.44294444444444,45.016666666666666,29.515,939.78
2020-07-08 12:00:00,131.61561111111112,460.1611111111111,29.5825,960.61
2020-07-08 12:15:00,134.42561111111112,60.022222222222226,29.65,981.44
2020-07-08 12:30:00,131.79505555555556,89.35555555555555,29.6425,972.9250000000001
2020-07-08 12:45:00,133.8933888888889,92.10555555555555,29.634999999999998,964.4100000000001
2020-07-08 13:00:00,127.52977777777778,87.36111111111111,29.6275,955.895
2020-07-08 13:15:00,130.1621111111111,91.34444444444445,29.62,947.38
2020-07-08 13:30:00,135.5946111111111,84.64444444444445,29.515,924.245
2020-07-08 13:45:00,138.46411111111112,289.69444444444446,29.41,901.11
2020-07-08 14:00:00,143.2356111111111,495.2388888888889,29.305,877.975
2020-07-08 14:15:00,145.22705555555555,59.333333333333336,29.2,854.84
2020-07-08 14:30:00,143.21598837209302,26.74418604651163,29.0175,809.72
2020-07-08 14:45:00,142.05172932330828,52.50375939849624,28.835,764.6
2020-07-08 15:00:00,148.37432748538012,323.8421052631579,28.6525,719.48
2020-07-08 15:15:00,148.0491111111111,278.39444444444445,28.47,674.36
2020-07-08 15:30:00,143.79538888888888,617.5888888888888,28.2725,641.1800000000001
2020-07-08 15:45:00,132.39222222222222,397.8277777777778,28.075,608.0
2020-07-08 16:00:00,131.3025,767.65,27.877499999999998,574.8199999999999
2020-07-08 16:15:00,134.31611111111113,787.9388888888889,27.68,541.64
2020-07-08 16:30:00,137.7302222222222,807.5833333333334,27.4175,486.71
2020-07-08 16:45:00,136.55849999999998,246.26666666666668,27.155,431.78
2020-07-08 17:00:00,136.53794444444446,114.55555555555556,26.8925,376.85
2020-07-08 17:15:00,128.4406111111111,103.75,26.63,321.92
2020-07-08 17:30:00,132.00255555555555,332.99444444444447,26.294999999999998,275.4175
2020-07-08 17:45:00,137.98638888888888,876.6333333333333,25.96,228.91500000000002
2020-07-08 18:00:00,142.93288888888887,425.59444444444443,25.625,182.4125
2020-07-08 18:15:00,148.21205555555554,141.08333333333334,25.29,135.91
2020-07-08 18:30:00,151.08149999999998,144.73888888888888,24.75,108.4225
2020-07-08 18:45:00,153.01533333333333,144.83333333333334,24.21,80.935
2020-07-08 19:00:00,153.80755555555555,142.61111111111111,23.669999999999998,53.447500000000005
2020-07-08 19:15:00,155.8605,146.29444444444445,23.13,25.96
2020-07-08 19:30:00,153.31944444444446,166.19444444444446,22.6925,19.47
2020-07-08 19:45:00,152.24200000000002,147.26111111111112,22.255,12.98
2020-07-08 20:00:00,142.86461111111112,570.3944444444444,21.8175,6.490000000000002
2020-07-08 20:15:00,137.231,376.65555555555557,21.38,0.0
2020-07-08 20:30:00,129.85216666666668,197.24444444444444,21.13,0.0
2020-07-08 20:45:00,128.73569832402234,126.89385474860335,20.88,0.0
2020-07-08 21:00:00,129.09704545454545,133.9318181818182,20.63,0.0
2020-07-08 21:15:00,142.26939024390245,149.3780487804878,20.38,0.0
2020-07-08 21:30:00,155.43022222222223,134.9777777777778,20.2425,0.0
2020-07-08 21:45:00,158.35766666666666,91.08888888888889,20.104999999999997,0.0
2020-07-08 22:00:00,156.90566666666666,518.4388888888889,19.967499999999998,0.0
2020-07-08 22:15:00,158.17149999999998,178.68333333333334,19.83,0.0
2020-07-08 22:30:00,158.28183333333334,89.6,19.7725,0.0
2020-07-08 22:45:00,165.59872222222222,103.35555555555555,19.715,0.0
2020-07-08 23:00:00,239.29011111111112,147.0222222222222,19.6575,0.0
2020-07-08 23:15:00,240.77244444444446,122.58888888888889,19.6,0.0
2020-07-08 23:30:00,240.73344444444442,257.6111111111111,19.5075,0.0
2020-07-08 23:45:00,241.46016666666668,276.8277777777778,19.415,0.0
2020-07-09 00:00:00,241.9426111111111,195.94444444444446,19.3225,0.0
2020-07-09 00:15:00,241.38222222222223,209.65,19.23,0.0
2020-07-09 00:30:00,230.7878333333333,160.17777777777778,19.2425,0.0
2020-07-09 00:45:00,166.9855,84.41111111111111,19.255000000000003,0.0
2020-07-09 01:00:00,165.47755555555554,72.36111111111111,19.267500000000002,0.0
2020-07-09 01:15:00,159.61766666666668,591.7277777777778,19.28,0.0
2020-07-09 01:30:00,160.7082777777778,67.12777777777778,19.177500000000002,0.0
2020-07-09 01:45:00,161.28744444444445,57.09444444444444,19.075000000000003,0.0
2020-07-09 02:00:00,160.38166666666666,59.7,18.9725,0.0
2020-07-09 02:15:00,160.97405555555557,61.78333333333333,18.87,0.0
2020-07-09 02:30:00,155.4121111111111,54.955555555555556,18.810000000000002,0.0
2020-07-09 02:45:00,150.74661111111112,52.87222222222222,18.75,0.0
2020-07-09 03:00:00,148.03966666666668,56.21666666666667,18.689999999999998,0.0
2020-07-09 03:15:00,142.03006802721086,52.04761904761905,18.63,0.0
2020-07-09 03:30:00,147.0778102189781,57.47445255474452,18.5825,0.0
2020-07-09 03:45:00,141.52318181818183,40.11363636363637,18.535,0.0
2020-07-09 04:00:00,140.0073888888889,53.50555555555555,18.4875,0.0
2020-07-09 04:15:00,142.1352222222222,412.81111111111113,18.44,0.0
2020-07-09 04:30:00,159.22333333333333,117.37777777777778,18.455000000000002,0.0
2020-07-09 04:45:00,160.24933333333334,59.294444444444444,18.47,0.0
2020-07-09 05:00:00,162.60305555555556,60.74444444444445,18.485,0.0
2020-07-09 05:15:00,165.95466666666667,57.272222222222226,18.5,0.0
2020-07-09 05:30:00,162.3788888888889,55.22222222222222,18.525,11.4125
2020-07-09 05:45:00,166.3191111111111,61.294444444444444,18.55,22.825
2020-07-09 06:00:00,131.3672777777778,21.6,18.575000000000003,34.2375
2020-07-09 06:15:00,136.8848888888889,4.811111111111111,18.6,45.65
2020-07-09 06:30:00,140.38322222222223,33.26111111111111,18.71,72.14
2020-07-09 06:45:00,143.28272222222222,53.47222222222222,18.82,98.63
2020-07-09 07:00:00,143.3293888888889,52.422222222222224,18.93,125.12
2020-07-09 07:15:00,146.02627777777778,49.044444444444444,19.04,151.61
2020-07-09 07:30:00,153.18638888888887,54.355555555555554,19.3175,190.3975
2020-07-09 07:45:00,154.48277777777778,57.02777777777778,19.595,229.185
2020-07-09 08:00:00,152.15672222222221,56.583333333333336,19.8725,267.97249999999997
2020-07-09 08:15:00,150.9103888888889,96.94444444444444,20.15,306.76
2020-07-09 08:30:00,148.56894444444444,484.24444444444447,20.607499999999998,378.9425
2020-07-09 08:45:00,149.33622222222223,55.78888888888889,21.064999999999998,451.125
2020-07-09 09:00:00,148.32777777777778,52.94444444444444,21.5225,523.3075
2020-07-09 09:15:00,141.88834482758622,49.39310344827586,21.98,595.49
2020-07-09 09:30:00,146.60798701298702,52.3051948051948,22.4725,642.9025
2020-07-09 09:45:00,145.4452777777778,63.833333333333336,22.965,690.315
2020-07-09 10:00:00,134.23933333333335,508.9111111111111,23.4575,737.7275
2020-07-09 10:15:00,142.02677777777777,281.31111111111113,23.95,785.14
2020-07-09 10:30:00,126.452,44.25555555555555,24.3525,819.3025
2020-07-09 10:45:00,126.00450000000001,80.75555555555556,24.755,853.4649999999999
2020-07-09 11:00:00,125.634,70.63888888888889,25.1575,887.6274999999999
2020-07-09 11:15:00,126.03922222222224,43.611111111111114,25.56,921.79
2020-07-09 11:30:00,117.02205555555557,43.477777777777774,25.9225,939.615
2020-07-09 11:45:00,115.8676111111111,46.65555555555556,26.285,957.44
2020-07-09 12:00:00,112.0048888888889,44.81111111111111,26.6475,975.265
2020-07-09 12:15:00,118.2186111111111,140.14444444444445,27.01,993.09
2020-07-09 12:30:00,124.8943888888889,341.84444444444443,27.205000000000002,992.2875
2020-07-09 12:45:00,137.89777777777778,52.355555555555554,27.4,991.485
2020-07-09 13:00:00,141.17155555555556,56.772222222222226,27.595,990.6825
2020-07-09 13:15:00,141.74244444444443,51.00555555555555,27.79,989.88
2020-07-09 13:30:00,139.54572222222222,48.97222222222222,27.82,970.5699999999999
2020-07-09 13:45:00,139.48416666666668,47.62777777777778,27.85,951.26
2020-07-09 14:00:00,139.47722222222222,47.48888888888889,27.88,931.95
2020-07-09 14:15:00,141.09011111111113,47.75555555555555,27.91,912.64
2020-07-09 14:30:00,140.29744444444444,48.53888888888889,27.795,877.78
2020-07-09 14:45:00,141.26227777777777,48.01111111111111,27.68,842.9200000000001
2020-07-09 15:00:00,143.0473888888889,404.6722222222222,27.564999999999998,808.0600000000001
2020-07-09 15:15:00,144.33505555555556,286.0833333333333,27.45,773.2
2020-07-09 15:30:00,143.9396178343949,252.4140127388535,27.2175,725.7950000000001
2020-07-09 15:45:00,142.9,173.73202614379085,26.985,678.3900000000001
2020-07-09 16:00:00,141.4728888888889,649.1222222222223,26.752499999999998,630.985
2020-07-09 16:15:00,141.2482222222222,783.2555555555556,26.52,583.58
2020-07-09 16:30:00,140.6652777777778,821.2777777777778,26.2275,527.2425000000001
2020-07-09 16:45:00,138.63733333333334,312.64444444444445,25.935000000000002,470.90500000000003
2020-07-09 17:00:00,142.92716666666666,97.7388888888889,25.642500000000002,414.5675
2020-07-09 17:15:00,143.53933333333333,102.47777777777777,25.35,358.23
2020-07-09 17:30:00,147.1398888888889,120.92222222222222,25.03,303.31
2020-07-09 17:45:00,150.0211111111111,122.1,24.71,248.39000000000001
2020-07-09 18:00:00,148.66694444444445,121.75,24.39,193.47000000000003
2020-07-09 18:15:00,148.49183333333332,120.96666666666667,24.07,138.55
2020-07-09 18:30:00,146.54305555555555,195.70555555555555,23.58,110.625
2020-07-09 18:45:00,146.023,245.20555555555555,23.09,82.7
2020-07-09 19:00:00,140.98083333333332,177.57777777777778,22.6,54.775000000000006
2020-07-09 19:15:00,133.80555555555554,132.65,22.11,26.85
2020-07-09 19:30:00,135.13194444444446,126.34444444444445,21.814999999999998,20.137500000000003
2020-07-09 19:45:00,128.9152777777778,119.57777777777778,21.52,13.425
2020-07-09 20:00:00,119.7221111111111,324.51666666666665,21.225,6.712499999999999
2020-07-09 20:15:00,116.42372222222222,632.2611111111111,20.93,0.0
2020-07-09 20:30:00,112.2491111111111,154.81666666666666,20.7575,0.0
2020-07-09 20:45:00,118.69855555555556,151.23333333333332,20.585,0.0
2020-07-09 21:00:00,130.5483888888889,159.95,20.412499999999998,0.0
2020-07-09 21:15:00,139.76027777777776,170.4,20.24,0.0
2020-07-09 21:30:00,141.95,170.12222222222223,20.0825,0.0
2020-07-09 21:45:00,144.20000000000002,264.6602564102564,19.924999999999997,0.0
2020-07-09 22:00:00,145.38649253731344,640.4701492537314,19.7675,0.0
2020-07-09 22:15:00,143.65642458100558,181.44692737430168,19.61,0.0
2020-07-09 22:30:00,143.0255,174.17777777777778,19.5,0.0
2020-07-09 22:45:00,142.70355555555554,325.8,19.39,0.0
2020-07-09 23:00:00,146.37466666666666,308.56666666666666,19.28,0.0
2020-07-09 23:15:00,145.80994444444445,87.86666666666666,19.17,0.0
2020-07-09 23:30:00,144.9368888888889,64.47222222222223,19.0225,0.0
2020-07-09 23:45:00,148.20633333333333,59.861111111111114,18.875,0.0
2020-07-10 00:00:00,152.5073888888889,62.37222222222222,18.7275,0.0
2020-07-10 00:15:00,154.1422777777778,60.26111111111111,18.58,0.0
2020-07-10 00:30:00,155.65605555555555,54.13333333333333,18.572499999999998,0.0
2020-07-10 00:45:00,158.00144444444445,32.6,18.564999999999998,0.0
2020-07-10 01:00:00,158.41216666666665,163.69444444444446,18.5575,0.0
2020-07-10 01:15:00,157.65555555555557,411.52777777777777,18.55,0.0
2020-07-10 01:30:00,159.69294444444444,61.05555555555556,18.560000000000002,0.0
2020-07-10 01:45:00,159.60477777777777,61.144444444444446,18.57,0.0
2020-07-10 02:00:00,156.89166666666668,58.43333333333333,18.58,0.0
2020-07-10 02:15:00,156.32577777777777,21.916666666666668,18.59,0.0
2020-07-10 02:30:00,155.687,47.97222222222222,18.3,0.0
2020-07-10 02:45:00,155.33416666666668,26.27777777777778,18.009999999999998,0.0
2020-07-10 03:00:00,156.37533333333334,55.30555555555556,17.72,0.0
2020-07-10 03:15:00,156.98866666666666,59.03333333333333,17.43,0.0
2020-07-10 03:30:00,155.453,44.638888888888886,17.395,0.0
2020-07-10 03:45:00,154.88644444444446,6.405555555555556,17.36,0.0
2020-07-10 04:00:00,155.0626219512195,58.24390243902439,17.325,0.0
2020-07-10 04:15:00,156.5021985815603,274.3829787234043,17.29,0.0
2020-07-10 04:30:00,157.19179775280898,350.3876404494382,17.33,0.0
2020-07-10 04:45:00,159.51016666666666,61.45,17.369999999999997,0.0
2020-07-10 05:00:00,159.12833333333333,29.57777777777778,17.41,0.0
2020-07-10 05:15:00,161.80683333333334,29.67222222222222,17.45,0.0
2020-07-10 05:30:00,162.09766666666667,40.35,17.52,10.07
2020-07-10 05:45:00,162.25522222222222,52.09444444444444,17.59,20.14
2020-07-10 06:00:00,159.05394444444443,57.83888888888889,17.66,30.21
2020-07-10 06:15:00,148.18744444444445,38.75555555555555,17.73,40.28
2020-07-10 06:30:00,157.6933888888889,40.916666666666664,17.885,69.6075
2020-07-10 06:45:00,157.10633333333334,43.727777777777774,18.04,98.935
2020-07-10 07:00:00,149.56322222222224,32.74444444444445,18.195,128.2625
2020-07-10 07:15:00,153.1508888888889,56.2,18.35,157.59
2020-07-10 07:30:00,158.7633888888889,57.138888888888886,18.7975,213.32
2020-07-10 07:45:00,160.12022222222222,33.88333333333333,19.245,269.05
2020-07-10 08:00:00,161.0098888888889,54.34444444444444,19.692500000000003,324.78
2020-07-10 08:15:00,160.35833333333332,535.3666666666667,20.14,380.51
2020-07-10 08:30:00,160.5773333333333,37.33888888888889,20.7125,435.485
2020-07-10 08:45:00,160.71227777777779,61.68333333333333,21.285,490.46
2020-07-10 09:00:00,159.8718888888889,61.98888888888889,21.8575,545.435
2020-07-10 09:15:00,148.179,63.644444444444446,22.43,600.41
2020-07-10 09:30:00,151.82538888888888,62.13333333333333,23.0775,649.535
2020-07-10 09:45:00,145.81900000000002,23.005555555555556,23.725,698.66
2020-07-10 10:00:00,126.75767441860465,55.47674418604651,24.3725,747.785
2020-07-10 10:15:00,126.79201550387597,29.627906976744185,25.02,796.91
2020-07-10 10:30:00,127.25718390804597,41.55172413793103,25.6225,830.8725
2020-07-10 10:45:00,124.97444444444446,45.96666666666667,26.225,864.835
2020-07-10 11:00:00,124.36033333333333,48.06666666666667,26.8275,898.7975
2020-07-10 11:15:00,129.36561111111112,568.8166666666667,27.43,932.76
2020-07-10 11:30:00,136.27005555555556,749.9388888888889,27.87,949.5174999999999
2020-07-10 11:45:00,132.5185,721.5277777777778,28.310000000000002,966.275
2020-07-10 12:00:00,130.54105555555554,87.99444444444444,28.75,983.0325
2020-07-10 12:15:00,131.94161111111111,71.47777777777777,29.19,999.79
2020-07-10 12:30:00,136.9942777777778,69.97777777777777,29.3975,999.0074999999999
2020-07-10 12:45:00,131.12133333333333,514.7055555555555,29.605,998.2249999999999
2020-07-10 13:00:00,127.31716666666667,103.40555555555555,29.8125,997.4425
2020-07-10 13:15:00,127.97472222222223,228.54444444444445,30.02,996.66
2020-07-10 13:30:00,133.41605555555554,499.9,30.035,979.6424999999999
2020-07-10 13:45:00,137.3692777777778,85.7388888888889,30.049999999999997,962.625
2020-07-10 14:00:00,140.12238888888888,82.41666666666667,30.064999999999998,945.6075000000001
2020-07-10 14:15:00,143.51055555555556,83.98333333333333,30.08,928.59
2020-07-10 14:30:00,142.7983888888889,82.57222222222222,29.974999999999998,890.25
2020-07-10 14:45:00,147.40616666666668,78.48333333333333,29.869999999999997,851.9100000000001
2020-07-10 15:00:00,147.41316666666665,316.4888888888889,29.765,813.57
2020-07-10 15:15:00,138.4982222222222,249.5222222222222,29.66,775.23
2020-07-10 15:30:00,146.44555555555556,56.4,29.4675,726.3975
2020-07-10 15:45:00,147.6305,77.01666666666667,29.275,677.565
2020-07-10 16:00:00,149.9297777777778,656.0222222222222,29.0825,628.7325
2020-07-10 16:15:00,151.27415730337077,330.7584269662921,28.89,579.9
2020-07-10 16:30:00,153.7841958041958,184.9020979020979,28.625,524.4025
2020-07-10 16:45:00,154.4434756097561,378.890243902439,28.36,468.905
2020-07-10 17:00:00,157.00727777777777,134.42777777777778,28.095,413.4075
2020-07-10 17:15:00,156.85044444444443,338.02777777777777,27.83,357.91
2020-07-10 17:30:00,156.62344444444446,929.0444444444445,27.49,303.00750000000005
2020-07-10 17:45:00,156.90938888888888,926.3833333333333,27.15,248.10500000000002
2020-07-10 18:00:00,156.64627777777778,946.0888888888888,26.81,193.20250000000001
2020-07-10 18:15:00,158.9676111111111,949.5944444444444,26.47,138.3
2020-07-10 18:30:00,154.34172222222222,219.28333333333333,26.002499999999998,110.215
2020-07-10 18:45:00,157.99944444444446,122.13888888888889,25.535,82.13000000000001
2020-07-10 19:00:00,159.3668888888889,127.2611111111111,25.067500000000003,54.045000000000016
2020-07-10 19:15:00,157.63894444444443,125.56666666666666,24.6,25.96
2020-07-10 19:30:00,155.62383333333335,155.5888888888889,24.212500000000002,19.47
2020-07-10 19:45:00,133.7053888888889,143.7,23.825000000000003,12.98
2020-07-10 20:00:00,137.58827777777776,611.9277777777778,23.4375,6.490000000000002
2020-07-10 20:15:00,162.5981111111111,414.02777777777777,23.05,0.0
2020-07-10 20:30:00,156.60977777777777,229.9111111111111,22.815,0.0
2020-07-10 20:45:00,160.6427222222222,237.6611111111111,22.58,0.0
2020-07-10 21:00:00,162.333,211.29444444444445,22.345,0.0
2020-07-10 21:15:00,162.81611111111113,195.54444444444445,22.11,0.0
2020-07-10 21:30:00,163.42644444444443,205.36111111111111,21.9,0.0
2020-07-10 21:45:00,163.9705,429.1277777777778,21.689999999999998,0.0
2020-07-10 22:00:00,164.5631111111111,473.69444444444446,21.48,0.0
2020-07-10 22:15:00,165.42538888888888,188.05555555555554,21.27,0.0
2020-07-10 22:30:00,167.18248587570622,251.5141242937853,21.2325,0.0
2020-07-10 22:45:00,167.63111940298506,645.179104477612,21.195,0.0
2020-07-10 23:00:00,168.31331395348838,620.9011627906976,21.1575,0.0
2020-07-10 23:15:00,169.56433333333334,93.50555555555556,21.12,0.0
2020-07-10 23:30:00,164.28199999999998,91.77777777777777,20.935000000000002,0.0
2020-07-10 23:45:00,162.4981666666667,70.66666666666667,20.75,0.0
2020-07-11 00:00:00,165.32049999999998,70.28888888888889,20.564999999999998,0.0
2020-07-11 00:15:00,165.60594444444445,70.36111111111111,20.38,0.0
2020-07-11 00:30:00,184.84344444444443,71.64444444444445,20.1325,0.0
2020-07-11 00:45:00,170.00433333333334,62.21666666666667,19.884999999999998,0.0
2020-07-11 01:00:00,160.9736111111111,77.45555555555555,19.6375,0.0
2020-07-11 01:15:00,163.91744444444444,566.7611111111111,19.39,0.0
2020-07-11 01:30:00,164.513,62.25,19.29,0.0
2020-07-11 01:45:00,163.68955555555556,57.516666666666666,19.189999999999998,0.0
2020-07-11 02:00:00,167.31138888888887,52.0,19.09,0.0
2020-07-11 02:15:00,166.4676111111111,41.81111111111111,18.99,0.0
2020-07-11 02:30:00,165.6783333333333,65.6,18.8875,0.0
2020-07-11 02:45:00,164.95877777777778,31.205555555555556,18.784999999999997,0.0
2020-07-11 03:00:00,162.2408333333333,9.977777777777778,18.682499999999997,0.0
2020-07-11 03:15:00,167.11177777777777,62.56111111111111,18.58,0.0
2020-07-11 03:30:00,166.955,65.11111111111111,18.467499999999998,0.0
2020-07-11 03:45:00,165.88283333333334,66.70555555555555,18.354999999999997,0.0
2020-07-11 04:00:00,165.56333333333333,60.25555555555555,18.2425,0.0
2020-07-11 04:15:00,163.62205555555556,566.25,18.13,0.0
2020-07-11 04:30:00,166.46116666666666,12.766666666666667,18.0,0.0
2020-07-11 04:45:00,144.7927397260274,55.9041095890411,17.869999999999997,0.0
2020-07-11 05:00:00,151.03034246575342,46.157534246575345,17.74,0.0
2020-07-11 05:15:00,160.93494444444445,39.044444444444444,17.61,0.0
2020-07-11 05:30:00,162.33494444444446,56.15,17.6375,10.2925
2020-07-11 05:45:00,164.04044444444443,44.077777777777776,17.665,20.585
2020-07-11 06:00:00,167.33016666666666,48.33888888888889,17.6925,30.8775
2020-07-11 06:15:00,166.18816666666666,64.62222222222222,17.72,41.17
2020-07-11 06:30:00,168.65927777777776,20.488888888888887,18.494999999999997,69.725
2020-07-11 06:45:00,169.27583333333334,6.316666666666666,19.27,98.28
2020-07-11 07:00:00,169.06783333333334,53.483333333333334,20.045,126.835
2020-07-11 07:15:00,167.36616666666666,64.39444444444445,20.82,155.39
2020-07-11 07:30:00,167.18355555555556,77.36666666666666,21.747500000000002,206.83499999999998
2020-07-11 07:45:00,165.97105555555555,635.7388888888889,22.675,258.28
2020-07-11 08:00:00,165.2938888888889,58.84444444444444,23.6025,309.725
2020-07-11 08:15:00,166.53772222222221,70.07222222222222,24.53,361.17
2020-07-11 08:30:00,167.97933333333333,670.5833333333334,25.2075,414.8275
2020-07-11 08:45:00,167.9905,39.32222222222222,25.884999999999998,468.485
2020-07-11 09:00:00,167.6836111111111,5.7,26.5625,522.1424999999999
2020-07-11 09:15:00,161.6615,61.37777777777778,27.24,575.8
2020-07-11 09:30:00,161.905,63.87222222222222,27.7825,624.51
2020-07-11 09:45:00,160.08638888888888,63.06111111111111,28.325,673.22
2020-07-11 10:00:00,148.91427777777778,59.1,28.8675,721.93
2020-07-11 10:15:00,145.21066666666667,475.2611111111111,29.41,770.64
2020-07-11 10:30:00,151.56983333333332,63.65555555555556,29.810000000000002,803.5425
2020-07-11 10:45:00,154.52105555555556,119.59444444444445,30.21,836.4449999999999
2020-07-11 11:00:00,154.63637426900584,819.6140350877193,30.61,869.3475
2020-07-11 11:15:00,156.89984615384614,559.1538461538462,31.01,902.25
2020-07-11 11:30:00,151.12582857142857,63.691428571428574,31.285,919.7325
2020-07-11 11:45:00,143.92594444444447,79.10555555555555,31.560000000000002,937.2149999999999
2020-07-11 12:00:00,149.89283333333333,89.84444444444445,31.835,954.6975
2020-07-11 12:15:00,147.49433333333334,87.80555555555556,32.11,972.18
2020-07-11 12:30:00,149.59355555555555,146.17222222222222,32.2225,971.355
2020-07-11 12:45:00,156.6702222222222,144.83333333333334,32.335,970.53
2020-07-11 13:00:00,150.12333333333333,638.8166666666667,32.447500000000005,969.7049999999999
2020-07-11 13:15:00,149.078,184.7111111111111,32.56,968.88
2020-07-11 13:30:00,150.17055555555555,82.55,32.54,948.95
2020-07-11 13:45:00,155.04805555555555,134.69444444444446,32.519999999999996,929.02
2020-07-11 14:00:00,153.94344444444445,131.45555555555555,32.5,909.0899999999999
2020-07-11 14:15:00,153.14422222222223,129.41666666666666,32.48,889.16
2020-07-11 14:30:00,154.49305555555554,350.76666666666665,32.41,808.7774999999999
2020-07-11 14:45:00,156.67466666666667,404.26666666666665,32.34,728.395
2020-07-11 15:00:00,157.8635,143.47222222222223,32.27,648.0125
2020-07-11 15:15:00,157.76383333333334,952.3944444444444,32.2,567.63
2020-07-11 15:30:00,165.2648333333333,408.0777777777778,32.072500000000005,530.3
2020-07-11 15:45:00,159.35505555555557,170.0222222222222,31.945,492.97
2020-07-11 16:00:00,152.84272222222222,155.5,31.817500000000003,455.64
2020-07-11 16:15:00,151.89133333333334,152.43333333333334,31.69,418.31
2020-07-11 16:30:00,154.02883333333332,142.48333333333332,31.46,389.415
2020-07-11 16:45:00,155.01500000000001,140.25555555555556,31.23,360.52
2020-07-11 17:00:00,159.50472222222223,223.05555555555554,31.0,331.625
2020-07-11 17:15:00,154.63824561403507,900.0760233918129,30.77,302.73
2020-07-11 17:30:00,156.2800751879699,312.9548872180451,30.485,244.20000000000002
2020-07-11 17:45:00,156.89385057471264,129.30459770114942,30.2,185.67000000000002
2020-07-11 18:00:00,156.78827777777778,689.0944444444444,29.915,127.14000000000001
2020-07-11 18:15:00,156.59827777777778,798.05,29.63,68.61
2020-07-11 18:30:00,157.89755555555556,123.6,29.072499999999998,58.17
2020-07-11 18:45:00,159.5476666666667,123.38888888888889,28.515,47.730000000000004
2020-07-11 19:00:00,160.7418888888889,144.05,27.9575,37.29
2020-07-11 19:15:00,163.7105,154.63888888888889,27.4,26.85
2020-07-11 19:30:00,163.71450000000002,142.25,27.0075,20.137500000000003
2020-07-11 19:45:00,161.43561111111111,146.88888888888889,26.615,13.425
2020-07-11 20:00:00,158.69838888888887,670.7555555555556,26.222499999999997,6.712499999999999
2020-07-11 20:15:00,158.1697777777778,145.59444444444443,25.83,0.0
2020-07-11 20:30:00,154.9638888888889,134.21666666666667,25.61,0.0
2020-07-11 20:45:00,158.60283333333334,138.26666666666668,25.39,0.0
2020-07-11 21:00:00,160.72555555555556,127.2,25.169999999999998,0.0
2020-07-11 21:15:00,161.579,130.52777777777777,24.95,0.0
2020-07-11 21:30:00,160.33561111111112,137.87777777777777,24.775,0.0
2020-07-11 21:45:00,157.6681111111111,231.23888888888888,24.6,0.0
2020-07-11 22:00:00,156.06422222222224,612.3777777777777,24.425,0.0
2020-07-11 22:15:00,157.156,154.98888888888888,24.25,0.0
2020-07-11 22:30:00,157.70033333333333,143.45,24.0975,0.0
2020-07-11 22:45:00,161.1158888888889,133.36666666666667,23.945,0.0
2020-07-11 23:00:00,160.5741111111111,97.93333333333334,23.7925,0.0
2020-07-11 23:15:00,161.0493888888889,94.09444444444445,23.64,0.0
2020-07-11 23:30:00,159.85124293785313,66.87570621468926,23.515,0.0
2020-07-11 23:45:00,163.6566417910448,52.96268656716418,23.39,0.0
2020-07-12 00:00:00,163.7841242937853,51.19209039548023,23.265,0.0
2020-07-12 00:15:00,164.43444444444444,51.85,23.14,0.0
2020-07-12 00:30:00,161.18433333333334,49.84444444444444,23.03,0.0
2020-07-12 00:45:00,160.97522222222221,49.62222222222222,22.92,0.0
2020-07-12 01:00:00,151.35205555555555,580.4444444444445,22.81,0.0
2020-07-12 01:15:00,153.7931111111111,127.95555555555555,22.7,0.0
2020-07-12 01:30:00,160.38177777777778,37.53333333333333,22.5975,0.0
2020-07-12 01:45:00,161.95388888888888,73.35555555555555,22.494999999999997,0.0
2020-07-12 02:00:00,163.41716666666667,72.18333333333334,22.3925,0.0
2020-07-12 02:15:00,167.9245,73.46666666666667,22.29,0.0
2020-07-12 02:30:00,168.34205555555556,71.24444444444444,22.197499999999998,0.0
2020-07-12 02:45:00,168.47794444444443,70.2,22.105,0.0
2020-07-12 03:00:00,170.1462222222222,69.83333333333333,22.012500000000003,0.0
2020-07-12 03:15:00,170.87894444444444,65.36666666666666,21.92,0.0
2020-07-12 03:30:00,170.71127777777778,62.62222222222222,21.89,0.0
2020-07-12 03:45:00,170.84622222222222,67.74444444444444,21.86,0.0
2020-07-12 04:00:00,170.50922222222223,64.07222222222222,21.830000000000002,0.0
2020-07-12 04:15:00,169.31022222222222,242.1,21.8,0.0
2020-07-12 04:30:00,164.15533333333332,418.72777777777776,21.765,0.0
2020-07-12 04:45:00,169.81816666666666,68.87777777777778,21.73,0.0
2020-07-12 05:00:00,171.29777777777778,59.544444444444444,21.695,0.0
2020-07-12 05:15:00,171.09277777777777,62.83888888888889,21.66,0.0
2020-07-12 05:30:00,172.43022222222223,37.22222222222222,21.65,10.2925
2020-07-12 05:45:00,174.1591812865497,8.578947368421053,21.64,20.585
2020-07-12 06:00:00,173.33423357664233,66.36496350364963,21.630000000000003,30.8775
2020-07-12 06:15:00,173.47017045454547,68.21022727272727,21.62,41.17
2020-07-12 06:30:00,173.52583333333334,60.56666666666667,21.8775,69.8775
2020-07-12 06:45:00,173.05888888888887,61.4,22.134999999999998,98.58500000000001
2020-07-12 07:00:00,172.49827777777776,51.67777777777778,22.3925,127.2925
2020-07-12 07:15:00,173.29688888888887,6.0,22.65,156.0
